doc_order,doc_id,source_manifest_doc_id,filename,archive_member,sha256,bytes,pages,source_manifest_pages,source_manifest_page_count_matches,source_type,prior_extraction_status,scope,language,included
1,AE_UAE_001,AE_UAE_001,AE_UAE_cbdc-short-report_july.pdf,korpus/AE_UAE_cbdc-short-report_july.pdf,5627d4c5f667b72e7c56e50af4c9dd09b8f6dade1647881462534756852c96e2,1538599,15,15,true,official,extracted,retail_or_general,en,true
2,AE_UAE_002,AE_UAE_002,AE_UAE_cbuae-launches-the-central-bank-digital-currency-strategy-the-digital-dirham-en.pdf,korpus/AE_UAE_cbuae-launches-the-central-bank-digital-currency-strategy-the-digital-dirham-en.pdf,c34367ac38c12ae486c15238de6cd9b31496760f952c33abda19943e540d2fbc,472784,2,2,true,official,extracted,retail_or_general,en,true
3,AE_UAE_003,AE_UAE_003,AE_UAE_cbuae-unveils-new-dirham-symbol-en.pdf,korpus/AE_UAE_cbuae-unveils-new-dirham-symbol-en.pdf,177c6e08db710bef3a7b62327c3fdca95073a39b9caeb849f8b1c0406b1318b7,233692,3,3,true,official,extracted,retail_or_general,en,true
4,AM_ARM_001,AM_ARM_001,AM_Armenia_archived_CBDC_26.06.2023.pdf,korpus/AM_Armenia_archived_CBDC_26.06.2023.pdf,8adcd3e354db115af4201dd32541df1110b1835e1384a5c758b805344484e300,794462,26,26,true,official,extracted,retail_or_general,en,true
5,AU_RBA_001,AU_RBA_001,AU_RBA_australian-cbdc-pilot-for-digital-finance-innovation-project-report.pdf,korpus/AU_RBA_australian-cbdc-pilot-for-digital-finance-innovation-project-report.pdf,6519a2b65c0b147e9e7f59c35628dec31a042fb00f2595497b98318336215fdb,1963704,44,44,true,pseudo_official,extracted,retail_or_general,en,true
6,AU_RBA_002,AU_RBA_002,AU_RBA_australian-cbdc-pilot-for-digital-finance-innovation-white-paper.pdf,korpus/AU_RBA_australian-cbdc-pilot-for-digital-finance-innovation-white-paper.pdf,a5a150ac2a90b0264a581b5a560e39024d25376671a133b31c4225c2e4c72b45,841258,15,15,true,pseudo_official,extracted,retail_or_general,en,true
7,AU_RBA_003,AU_RBA_003,AU_RBA_project-acacia-consultation-paper-2024-11.pdf,korpus/AU_RBA_project-acacia-consultation-paper-2024-11.pdf,e50b98eb12d8a4f78baf5f03eb38d5023cebdf45cb8714aac02836e6aa4c9852,1398098,46,46,true,official,extracted,retail_or_general,en,true
8,AW_ARU_001,AW_ARU_001,AW_Aruba_readBlob.do_5decead7.pdf,korpus/AW_Aruba_readBlob.do_5decead7.pdf,11da27aa6f63a0a9710fbbb1a8d7dabe08ff06dd8547647213aad41ab11bc06c,11766593,250,250,true,official,extracted,retail_or_general,en,true
9,BIS_Pakistan_2022,BIS_Pakistan_2022,BIS_r220206m.pdf,korpus/BIS_r220206m.pdf,592f05ee0f1dca14bf8cdd82b30392d8a9c96669dcd6f41995038fcdabb07a09,629070,13,13,true,official,extracted,framework,en,true
10,BO_BCB_Boliviano_Digital_2025,BO_BCB_Boliviano_Digital_2025,BO_Bolivia_BCB_Primer_Informe_Boliviano_Digital_2025.pdf,korpus/BO_Bolivia_BCB_Primer_Informe_Boliviano_Digital_2025.pdf,8dc9162f87d0d388d90f9ae3a5320258ea2cb1906472819fa393b13d1567d532,10341041,63,63,true,official,extracted,retail_or_general,es,true
11,BR_Brazil_2023,BR_Brazil_2023,BR_Brazil_Digital_Brazilian_Real_Press_Conference_Guidelines_Pilot_RD_Mar2023.pdf,korpus/BR_Brazil_Digital_Brazilian_Real_Press_Conference_Guidelines_Pilot_RD_Mar2023.pdf,df2191d0cd6fc1ad4403e390fda8f304d29bba8a56af185c990811464f37dff1,956273,19,19,true,official,extracted,retail_or_general,en,true
12,BS_Bahamas_SandDollar_2019,BS_Bahamas_SandDollar_2019,BS_Bahamas_Project_Sanddollar_2019.pdf,korpus/BS_Bahamas_Project_Sanddollar_2019.pdf,ea908a81cac506057d8d9028f278f4bd59d4d56c91e5ffb5ffa349f6e8749ef1,1283148,33,33,true,official,extracted,retail_or_general,en,true
13,CA_BoC_2017,CA_BoC_2017,CA_BoC_sdp2017-16.pdf,korpus/CA_BoC_sdp2017-16.pdf,b40dabaff89a871fbed830ea0a4e55db9ff7951a635f31101cf7869744b72165,652464,30,30,true,pseudo_official,extracted,retail_or_general,en,true
14,CA_Jasper_III_2018,CA_Jasper_III_2018,CA_Payments_jasper_phase_iii_whitepaper_EN.pdf,korpus/CA_Payments_jasper_phase_iii_whitepaper_EN.pdf,c8cb640dd16118db280915169f95a407ac21360780e9f196bd315a0c9c905c0f,19055434,40,40,true,pseudo_official,extracted,wholesale,en,true
15,CA_Jasper_Phase12_2017,CA_Jasper_Phase12_2017,CA_Payments_jasper_report_eng.pdf,korpus/CA_Payments_jasper_report_eng.pdf,d28e14ec2e2b68069e1afc92ae6876002e4d5c5dfad1754e593148d75cf9516d,3344591,70,70,true,pseudo_official,extracted,wholesale,en,true
16,CA_Jasper_Primer_2017,CA_Jasper_Primer_2017,CA_Payments_project_jasper_primer_EN.pdf,korpus/CA_Payments_project_jasper_primer_EN.pdf,1a0ec164549e4258069c7990ce70d4dc17b174e475889552b9862b137bafaaf3,1693762,5,5,true,pseudo_official,extracted,wholesale,en,true
17,CN_China_2021,CN_China_2021,CN_China_PBoC_e-CNY_white_paper_2021.pdf,korpus/CN_China_PBoC_e-CNY_white_paper_2021.pdf,91de0b7462baaa65add222bda05d2551618e8edd09c8954354ce7ec3e5bb8c78,173957,16,16,true,official,extracted,retail_or_general,en,true
18,CN_China_BIS_2022,CN_China_BIS_2022,CN_China_PBoC_e-CNY_BIS_bispap123.pdf,korpus/CN_China_PBoC_e-CNY_BIS_bispap123.pdf,0cd3acab691a744e31395df3c50377f7a93a3e4d9a13a0b365d109d68533d5f2,6716765,214,214,true,pseudo_official,extracted,retail_or_general,en,true
19,CO_Colombia_2022,CO_Colombia_2022,CO_Colombia_btaboada-congreso-derecho-financiero-asobancaria-sept-2022.pdf,korpus/CO_Colombia_btaboada-congreso-derecho-financiero-asobancaria-sept-2022.pdf,e49350e51d0a2f4f5b3b43327168f72245defce7fc6d509490ba6f86592c4bf9,1527296,25,25,true,official,extracted,retail_or_general,es,true
20,CZ_CzechRepublic_2022,CZ_CzechRepublic_2022,CZ_CNB_digitalni-penize-centralnich-bank-CBDC.pdf,korpus/CZ_CNB_digitalni-penize-centralnich-bank-CBDC.pdf,0be917982342c2ea60cbf1d0b55b0c8ef9c2860702b150010c62019f5b224c8d,1043123,21,21,true,official,extracted,retail_or_general,en,true
21,DK_Denmark_2022,DK_Denmark_2022,DK_Denmark_analysis-no-8-new-types-of-digital-money.pdf,korpus/DK_Denmark_analysis-no-8-new-types-of-digital-money.pdf,065e31167a3e45fa742699083bd4895a4e7b1e43a67677be0a562557a9084f84,1467839,29,29,true,official,extracted,retail_or_general,en,true
22,ECCU_ECCB_DCash_2_RFP_2023,ECCU_ECCB_DCash_2_RFP_2023,ECCU_ECCB_DCash_2.0_RFP_2023.pdf,korpus/ECCU_ECCB_DCash_2.0_RFP_2023.pdf,207374e71c2585d7709bdfa2f90c05e11a1527a7d2c0602f751836aace09ca7d,266921,6,6,true,official,extracted,retail_or_general,en,true
23,ES_Spain_2022,ES_Spain_2022,ES_Spain_notabe051222.pdf,korpus/ES_Spain_notabe051222.pdf,0ec5dd57e97d531132bdb70b0d0922c9a7a644102ee27e6999d7cf924da00439,138197,2,2,true,official,extracted,retail_or_general,es,true
24,ES_Spain_2024a,ES_Spain_2024a,ES_Spain_BOE-A-2024-205.pdf,korpus/ES_Spain_BOE-A-2024-205.pdf,01e71dfd53bac9ebd5c11b1d7d51d40a39bf2077fc7c84de00844262fc121fe1,254208,10,10,true,official,extracted,framework,es,true
25,ES_Spain_2024b,ES_Spain_2024b,ES_Spain_BOE-A-2024-206.pdf,korpus/ES_Spain_BOE-A-2024-206.pdf,6bb48a7d6def4812b1b95eadc256a8694a48f634db2e3592be59a65624bad9f9,255332,10,10,true,official,extracted,framework,es,true
26,ES_Spain_2024c,ES_Spain_2024c,ES_Spain_Nota_de_prensa_EN_Continuacion_trabajos_tokens_digitales.pdf,korpus/ES_Spain_Nota_de_prensa_EN_Continuacion_trabajos_tokens_digitales.pdf,ad14457cab06477ec0b973af755b91e181e6e770bc8ce12c56ab3f076e583f2e,164497,2,2,true,official,extracted,retail_or_general,en,true
27,EU_ECB_2019,EU_ECB_2019,EU_ECB_ecb.other191204_f6a84c14a7.en.pdf,korpus/EU_ECB_ecb.other191204_f6a84c14a7.en.pdf,8fb7123a9004ae5da6bd44f9f919d13300a2545891f4aeb0bed997ec67b1c934,260281,3,3,true,official,extracted,retail_or_general,en,true
28,EU_ECB_2024,EU_ECB_2024,EU_ECB_ecb.deprp202412.en.pdf,korpus/EU_ECB_ecb.deprp202412.en.pdf,fcd2d2b193b17f700b16d4fdf95fc07b6980a5539eb5cae38c7bd236525e8c3c,318917,13,13,true,official,extracted,retail_or_general,en,true
29,FR_BdF_2022,FR_BdF_2022,FR_BanqueDeFrance_Tunisia_CBDC_Trial_2021.pdf,korpus/FR_BanqueDeFrance_Tunisia_CBDC_Trial_2021.pdf,564d28ed03102a8d7b7abca7ad9b6fd708612aa60c52131f144578a4a6ec1837,482752,17,17,true,official,extracted,wholesale,fr,true
30,GH_Ghana_2021,GH_Ghana_2021,GH_Ghana_eCedi-Design-Paper.pdf,korpus/GH_Ghana_eCedi-Design-Paper.pdf,ebc0144c918be4c8da5065f8619370d0fcc9e395753c4bab05f9ea96fc120027,11959459,32,32,true,official,extracted,retail_or_general,en,true
31,GH_Ghana_2023,GH_Ghana_2023,GH_Ghana_The-eCedi-Report-221024.pdf,korpus/GH_Ghana_The-eCedi-Report-221024.pdf,51c555a0392ee49d87755fa5fff934b038f4e0712bed1d51918783b7743f1f85,8700728,56,56,true,official,extracted,retail_or_general,en,true
32,HK_HKMA_2021,HK_HKMA_2021,HK_HKMA_e-HKD_A_technical_perspective.pdf,korpus/HK_HKMA_e-HKD_A_technical_perspective.pdf,983adae42147c9eaae7c883618951bfe1c89bfd3e5feec042f73f7edea4cc3ac,3290019,50,50,true,official,extracted,retail_or_general,en,true
33,HK_HKMA_2022,HK_HKMA_2022,HK_HKMA_20220920e4a1.pdf,korpus/HK_HKMA_20220920e4a1.pdf,cd024099fa51b43016c033083fbc934d17f36691d8d8a89b2a43c517e506e551,1200849,39,39,true,official,extracted,retail_or_general,en,true
34,HU_Hungary_2025,HU_Hungary_2025,HU_Hungary_student-safe-white-paper-final-20250303-en.pdf,korpus/HU_Hungary_student-safe-white-paper-final-20250303-en.pdf,f6e2386c50800ce2511c7a6aa9c7b52c9f710ebd531f335a56341fc752a91072,1890013,39,39,true,official,extracted,retail_or_general,en,true
35,ID_Indonesia_2022,ID_Indonesia_2022,ID_Indonesia_White-Paper-CBDC-2022_en.pdf,korpus/ID_Indonesia_White-Paper-CBDC-2022_en.pdf,5becea73d710e641d0bd65c3e006a4ffb7bdb7dd9f549a3e0903e98796ce63cc,12704493,65,65,true,official,extracted,retail_or_general,en,true
36,ID_Indonesia_2023a,ID_Indonesia_2023a,ID_Indonesia_Consultative-Paper-Rupiah-Digital-BI.pdf,korpus/ID_Indonesia_Consultative-Paper-Rupiah-Digital-BI.pdf,45410d2d4034c000ae1b25b2d2f333c180f41758b246e427e5d9314f29052c57,5344092,21,21,true,official,extracted,retail_or_general,en,true
37,ID_Indonesia_2024,ID_Indonesia_2024,ID_Indonesia_Laporan_POC_Proyek_Garuda_EN.pdf,korpus/ID_Indonesia_Laporan_POC_Proyek_Garuda_EN.pdf,84927f4b3325df560508d52496571be2c725b9d3743f4bfed617d641269497c7,3972907,50,50,true,official,extracted,retail_or_general,en,true
38,IL_BoI_2024,IL_BoI_2024,IL_Israel_initial-design-for-the-digital-shekel-system.pdf,korpus/IL_Israel_initial-design-for-the-digital-shekel-system.pdf,ff0dc2ba61a299c29883df010baf79222278de139d2225b95922ca4fa2160c7c,2334419,136,136,true,official,extracted,retail_or_general,en,true
39,IL_Israel_#U05d0#U05e8#U05db#U05d9#U05d8#U05e7#U05d8#U05d5#U05e8#U05d4-#U05dc#U05d5#U05d2#U05d9#U05ea-#U05d0#U05e0#U05d2#U05dc#U05d9#U05ea.pdf,IL_Israel_#U05d0#U05e8#U05db#U05d9#U05d8#U05e7#U05d8#U05d5#U05e8#U05d4-#U05dc#U05d5#U05d2#U05d9#U05ea-#U05d0#U05e0#U05d2#U05dc#U05d9#U05ea.pdf,IL_Israel_#U05d0#U05e8#U05db#U05d9#U05d8#U05e7#U05d8#U05d5#U05e8#U05d4-#U05dc#U05d5#U05d2#U05d9#U05ea-#U05d0#U05e0#U05d2#U05dc#U05d9#U05ea.pdf,korpus/IL_Israel_#U05d0#U05e8#U05db#U05d9#U05d8#U05e7#U05d8#U05d5#U05e8#U05d4-#U05dc#U05d5#U05d2#U05d9#U05ea-#U05d0#U05e0#U05d2#U05dc#U05d9#U05ea.pdf,b4191f2e6e165f15d9ddc7716ca9b7397e94cde3d50dc52077ffccc468f2d8df,2421081,41,41,true,official,extracted,retail_or_general,en,true
40,IN_RBI_2025,IN_RBI_2025,IN_India_DigitalRupee09012025.pdf,korpus/IN_India_DigitalRupee09012025.pdf,4327dc83af59ccc3f767a08a4cfdca26b601c5a51dd598cf4279a01fc25ca216,246460,6,6,true,official,extracted,retail_or_general,en,true
41,IS_CBI_2018,IS_CBI_2018,IS_Iceland_Special_Publication_12.pdf,korpus/IS_Iceland_Special_Publication_12.pdf,5d8f11453cfb6b703be1e9fcd6bcbd880714dbb644889def8d1d1f9d232707ab,554527,36,36,true,official,extracted,retail_or_general,en,true
42,IT_BdI_MISP_2021,IT_BdI_MISP_2021,IT_Italy_N.10-MISP.pdf,korpus/IT_Italy_N.10-MISP.pdf,1b4d5db3e664d70a41fc75fb00853bee38a86f38fa8a24c8f6571f404acc8363,2769378,70,70,true,pseudo_official,extracted,retail_or_general,en,true
43,JP_BoJ_2022,JP_BoJ_2022,JP_BoJ_rel220526a.pdf,korpus/JP_BoJ_rel220526a.pdf,1d5e3664456aa1c6b29555b6261cb245ba51576eb5d4b289b44c1e35668d7682,914908,21,21,true,official,extracted,retail_or_general,en,true
44,JP_BoJ_Pilot_EN,JP_BoJ_Pilot_EN,JP_BoJ_dig240531a.pdf,korpus/JP_BoJ_dig240531a.pdf,623363420320a0260aa5961f912049af0dbac96f48e98b19e293c440cbfdeedc,1302539,29,29,true,official,extracted,retail_or_general,en,true
45,JP_BoJ_Pilot_JP,JP_BoJ_Pilot_JP,JP_BoJ_archived_dig240422a.pdf,korpus/JP_BoJ_archived_dig240422a.pdf,6d26970f52e785414c0d3c3ccddf3901d8ae1f8b73a5f86f702c5f9fe41bedb9,2040032,27,27,true,official,extracted,retail_or_general,ja,true
46,JP_BoJ_PoC2,JP_BoJ_PoC2,JP_BoJ_dig230529a.pdf,korpus/JP_BoJ_dig230529a.pdf,bdb65ddbc70e645bd8da5c37763162c9bf6333df12da10b336847d5d6145106f,1684559,31,31,true,official,extracted,retail_or_general,en,true
47,MG_BFM_2023,MG_BFM_2023,MG_Madagascar_BFM-eAriary-project-651d75b89c1a3.pdf,korpus/MG_Madagascar_BFM-eAriary-project-651d75b89c1a3.pdf,0f9a7755213a6cbfc162aea0f58a6d6e0cd4cda9a725292674ae301eaa1068d9,1248559,17,17,true,official,extracted,retail_or_general,en,true
48,MG_BFM_OP_2023,MG_BFM_OP_2023,MG_Madagascar_projet-eAriary-One-pager.pdf,korpus/MG_Madagascar_projet-eAriary-One-pager.pdf,666873866d4af20a3b02aca6f8793780280d99c74f5c5590dc0dbb91ff9e686e,83703,1,1,true,official,extracted,retail_or_general,es,true
49,MG_BFM_RFI_2021,MG_BFM_RFI_2021,MG_Madagascar_BFM_e-Ariary_RFI-RFQ_VF-BFM.pdf,korpus/MG_Madagascar_BFM_e-Ariary_RFI-RFQ_VF-BFM.pdf,98f2c081dff855358a70f2233f68d0c811b35179468f67ef9e6d19fde6a5496e,1261579,10,10,true,official,extracted,retail_or_general,en,true
50,MO_AMCM_eMOP_WP,MO_AMCM_eMOP_WP,MO_Macao_e-MOP_en.pdf,korpus/MO_Macao_e-MOP_en.pdf,70df96859d07ef1a3dd0b83ac6e600bd97dda9d30b1183dc7fe503cfef35c152,6672621,62,62,true,official,extracted,retail_or_general,en,true
51,NA_BoN_2022,NA_BoN_2022,NA_Namibia_dc7fb7a3-aaab-4f23-babb-2a1a86f71e5a.pdf,korpus/NA_Namibia_dc7fb7a3-aaab-4f23-babb-2a1a86f71e5a.pdf,0312bb67b77beb7e37d09fa40d1e98d19654d4febd394a54e7a87b2248a7e150,260611,8,8,true,official,extracted,retail_or_general,en,true
52,NO_Norway_nb_memo_2_19_dsp,NO_Norway_nb_memo_2_19_dsp,NO_Norway_nb_memo_2_19_dsp.pdf,korpus/NO_Norway_nb_memo_2_19_dsp.pdf,919ff709d96b0b9f1398543d0710f3bb4f8735a51e84038be494398c477f3927,896550,34,34,true,official,extracted,retail_or_general,en,true
53,NO_Norway_nbmemo-1-2018,NO_Norway_nbmemo-1-2018,NO_Norway_nbmemo-1-2018-digitalesentralbankpenger.pdf,korpus/NO_Norway_nbmemo-1-2018-digitalesentralbankpenger.pdf,77cb6ac01db02ab5c410ff9ef1e4a6b258f5f336a8d5c98bba2abbfed82d94be,924317,55,55,true,official,extracted,retail_or_general,en,true
54,NO_Norway_norges-bank-memo-1-2021,NO_Norway_norges-bank-memo-1-2021,NO_Norway_norges-bank-memo-1-2021.pdf,korpus/NO_Norway_norges-bank-memo-1-2021.pdf,0c593ed2410297af011f166bba36a647ac8798a6ab8823184359d083d198e406,2368767,71,71,true,official,extracted,retail_or_general,en,true
55,NO_Norway_norges-bank-memo-2_2020-eng,NO_Norway_norges-bank-memo-2_2020-eng,NO_Norway_norges-bank-memo-2_2020-eng.pdf,korpus/NO_Norway_norges-bank-memo-2_2020-eng.pdf,f7a1ce716fcf4bab9200cb2f71844c77cb86cf51a009d9f380b031521cb26290,556205,9,9,true,official,extracted,retail_or_general,en,true
56,NO_Norway_norges-bank-papers-2---phase-4---final-report,NO_Norway_norges-bank-papers-2---phase-4---final-report,NO_Norway_norges-bank-papers-2---phase-4---final-report.pdf,korpus/NO_Norway_norges-bank-papers-2---phase-4---final-report.pdf,e94fbcd5ebd90876a008c64254019098aef8e9fc92f7738559f525c015371a9e,462367,20,20,true,official,extracted,retail_or_general,en,true
57,NZ_RBNZ_CBDCIssuesPaper_2021,NZ_RBNZ_CBDCIssuesPaper_2021,WAYBACK_da81215e_cbdc-issues-paper.pdf,korpus/WAYBACK_da81215e_cbdc-issues-paper.pdf,118651f0ec457add2e4c7301c4363d44a768859796461e9bd92bc44a2368b76e,2926555,47,47,true,official,extracted,retail_or_general,en,true
58,NZ_RBNZ_cbdc-insights-dossier-for-public-1,NZ_RBNZ_cbdc-insights-dossier-for-public-1,NZ_RBNZ_cbdc-insights-dossier-for-public-1.pdf,korpus/NZ_RBNZ_cbdc-insights-dossier-for-public-1.pdf,29fbcc8de10ffbbc3d10187b679a9698bb6115291b690a6798d6bc30e5df6a8f,5643019,84,84,true,official,extracted,retail_or_general,en,true
59,PE_Peru_cbdc-presentation,PE_Peru_cbdc-presentation,PE_Peru_cbdc-presentation.pdf,korpus/PE_Peru_cbdc-presentation.pdf,35dde822f706159bcf3a2bed25658f6215d333dfa7cc579a7ba94bf133e20121,1011175,35,35,true,official,extracted,retail_or_general,en,true
60,PH_Philippines_EFLP2024_1_2c,PH_Philippines_EFLP2024_1_2c,PH_Philippines_EFLP2024_1_2c.pdf,korpus/PH_Philippines_EFLP2024_1_2c.pdf,27e27fb58ec8f7d46d8ffd4bfb01570880c128617317b7ad5477b21e5ab9a9a9,1217712,12,12,true,official,extracted,retail_or_general,en,true
61,PW_Palau_Phase1_Report,PW_Palau_Phase1_Report,PW_Palau_Republic-of-Palau-Stablecoin-Program-Phase-1-Report.pdf,korpus/PW_Palau_Republic-of-Palau-Stablecoin-Program-Phase-1-Report.pdf,310514d2f239c14e0b6ef5d4dac60600e80184eef4298a0a4b39f2be204829f3,1904207,25,25,true,pseudo_official,extracted,retail_or_general,en,true
62,PY_BCP_Informe_CBDC,PY_BCP_Informe_CBDC,PY_BCP_Informe_CBDC.pdf,korpus/PY_BCP_Informe_CBDC.pdf,7b4aac9af2aad52009e6e01a4a29ecc873bbc95c346cee75300a949af43435c7,1252552,14,14,true,official,extracted,retail_or_general,es,true
63,RU_Russia_concept_08042021,RU_Russia_concept_08042021,RU_Russia_concept_08042021.pdf,korpus/RU_Russia_concept_08042021.pdf,5a18963b2f6a1ad26a61320e2adfe67e745a5d81015c1d029ec2f5871e142635,4061102,31,31,true,official,extracted,retail_or_general,ru/uk,true
64,RU_Russia_consultation_paper_201013,RU_Russia_consultation_paper_201013,RU_Russia_consultation_paper_201013_eng.pdf,korpus/RU_Russia_consultation_paper_201013_eng.pdf,be19956b6a27f9555044034f681a1aaeff982eca2e56ad6d143c8822ac85d796,3860549,45,45,true,official,extracted,retail_or_general,en,true
65,RU_Russia_digital_ruble_30062025,RU_Russia_digital_ruble_30062025,RU_Russia_digital_ruble_30062025.pdf,korpus/RU_Russia_digital_ruble_30062025.pdf,e227c49de6caab68eb7ef5c8fd4b2c173a5bb07a8ae7d53e3e20f01dc05faf0c,1815850,25,25,true,official,extracted,retail_or_general,ru/uk,true
66,RW_Rwanda_CBDC_Ideathon,RW_Rwanda_CBDC_Ideathon,RW_Rwanda_CBDC_Ideathon.pdf,korpus/RW_Rwanda_CBDC_Ideathon.pdf,452cc55a89b6952659106f8d5ac39be03e58037d3b68cd0a103919b429647ec5,1149901,8,8,true,official,extracted,retail_or_general,en,true
67,SE_Riksbank_2017,SE_Riksbank_2017,SE_Riksbank_rapport_ekrona_uppdaterad_170920_eng.pdf,korpus/SE_Riksbank_rapport_ekrona_uppdaterad_170920_eng.pdf,b20527266d2e5335dc1ffea9e8dfa0f12b88b0d0d4667f7a53c5a8568c7c6be8,1139369,44,44,true,official,extracted,retail_or_general,en,true
68,SG_MAS_mas-project-orchid-report,SG_MAS_mas-project-orchid-report,SG_MAS_mas-project-orchid-report.pdf,korpus/SG_MAS_mas-project-orchid-report.pdf,b57dd489b0743c981bda0910c6fa8620c49cbee51b3cb5c2db4bad3a8ae59f51,3760639,55,55,true,official,extracted,wholesale,en,true
69,SZ_Eswatini_2024-Fintech-Digital-Lilangeni-Design-Paper,SZ_Eswatini_2024-Fintech-Digital-Lilangeni-Design-Paper,SZ_Eswatini_2024-Fintech-Digital-Lilangeni-Design-Paper.pdf,korpus/SZ_Eswatini_2024-Fintech-Digital-Lilangeni-Design-Paper.pdf,88516e2e75059dd970702c0128cd3b281631914b9c3ab6e3c069d8128b1961de,3473048,42,42,true,official,extracted,retail_or_general,en,true
70,TH_Thailand_n3063e,TH_Thailand_n3063e,TH_Thailand_n3063e.pdf,korpus/TH_Thailand_n3063e.pdf,76ff18e5d7de95333f87d6bbf9848c401a917884712d81e0b6113497eaf58a22,148940,2,2,true,official,extracted,retail_or_general,en,true
71,TH_Thailand_rCBDC_Conclusion_Report,TH_Thailand_rCBDC_Conclusion_Report,TH_Thailand_rCBDC_Conclusion_Report.pdf,korpus/TH_Thailand_rCBDC_Conclusion_Report.pdf,7b9bd649aedbdbada1cc9bc4d89d676903b4b8a4567e41d5520eca6d95ddafda,5175123,36,36,true,official,extracted,retail_or_general,en,true
72,TR_Turkey_Digital_Turkish_Lira_First_Phase_Evaluation_Report,TR_Turkey_Digital_Turkish_Lira_First_Phase_Evaluation_Report,TR_Turkey_Digital_Turkish_Lira_First_Phase_Evaluation_Report.pdf,korpus/TR_Turkey_Digital_Turkish_Lira_First_Phase_Evaluation_Report.pdf,af264a199ccebc93d419ddb9790b3763bba03d826728969a91517bb441b1b606,4195332,64,64,true,official,extracted,retail_or_general,en,true
73,TT_CBTT_WP02_2025,TT_CBTT_WP02_2025,TT_CBTT_WP02_2025_Digital_Money.pdf,korpus/TT_CBTT_WP02_2025_Digital_Money.pdf,c7587592649c15e5e44f57e91671f4faea428d9803002043fa3c594895f7857c,739497,26,26,true,pseudo_official,extracted,retail_or_general,en,true
74,UA_NBU_E-hryvnia_2019,UA_NBU_E-hryvnia_2019,UA_NBU_Analytical_Report_E-hryvnia.pdf,korpus/UA_NBU_Analytical_Report_E-hryvnia.pdf,444dbd0e58a78eddf04c1d598295922bf46a9e358164d2ab9612567ff48f1d5a,1891180,42,42,true,official,extracted,retail_or_general,en,true
75,UK_BoE_2020_OpportChall,UK_BoE_2020_OpportChall,UK_BoE_central-bank-digital-currency-opportunities-challenges-and-design.pdf,korpus/UK_BoE_central-bank-digital-currency-opportunities-challenges-and-design.pdf,9747a5f223f59eb08bd1c134328fdb31643b19deac338fa70a03503717c0f6a9,1798262,57,57,true,official,extracted,retail_or_general,en,true
76,UK_BoE_2023_TechWP,UK_BoE_2023_TechWP,UK_BoE_the-digital-pound-technology-working-paper.pdf,korpus/UK_BoE_the-digital-pound-technology-working-paper.pdf,33517448816990e79ca16f1d6dc68345c8d160650aa284f80e8808cdf45f4413,1469468,86,86,true,official,extracted,retail_or_general,en,true
77,UN_ESCAP_4e8e7145_2023,UN_ESCAP_4e8e7145_2023,UN_ESCAP_content_4e8e7145.pdf,korpus/UN_ESCAP_content_4e8e7145.pdf,83d90172cf786a8734d0581cc37dc8617e62f1275371c7af2f6aed261e616e62,1350308,54,54,true,official,extracted,framework,en,true
78,UN_ESCAP_9919dd3a_2023,UN_ESCAP_9919dd3a_2023,UN_ESCAP_content_9919dd3a.pdf,korpus/UN_ESCAP_content_9919dd3a.pdf,06229b36f39263468f925089b82a97ba9ff6d31a66549aeb552022648e82b6e1,594151,23,23,true,official,extracted,framework,en,true
79,UN_ESCAP_ESCAP-2022-RP-National-study-central-bank-digital-currency-stablecoin-Maldives,UN_ESCAP_ESCAP-2022-RP-National-study-central-bank-digital-currency-stablecoin-Maldives,UN_ESCAP_ESCAP-2022-RP-National-study-central-bank-digital-currency-stablecoin-Maldives.pdf,korpus/UN_ESCAP_ESCAP-2022-RP-National-study-central-bank-digital-currency-stablecoin-Maldives.pdf,02fb11d7e2c38ed32078cfe998a3200ea4fa845cdbe9941627d50f170a2fdf6c,2091244,68,68,true,official,extracted,framework,en,true
80,US_Fed_2022,US_Fed_2022,US_Fed_money-and-payments-20220120.pdf,korpus/US_Fed_money-and-payments-20220120.pdf,6060b8d12c696dbcb28ad1fb4c8c2707c6405d05d348cbf2961f51964d44c029,2076226,40,40,true,official,extracted,retail_or_general,en,true
81,US_NYFed_CedarPhaseOne_2022,US_NYFed_CedarPhaseOne_2022,US_NYFed_project-cedar-phase-one-report.pdf,korpus/US_NYFed_project-cedar-phase-one-report.pdf,7354023ff78e43c7863d2283e0dca2ea66bb63470db8c732802504e4cc55a17c,1955705,12,12,true,official,extracted,wholesale,en,true
82,US_WhiteHouse_TechEval_2022,US_WhiteHouse_TechEval_2022,US_WhiteHouse_archived_09-2022-Technical-Evaluation-US-CBDC-System.pdf,korpus/US_WhiteHouse_archived_09-2022-Technical-Evaluation-US-CBDC-System.pdf,2505c48ebbe6e36fde2b88016e82aaa987044f46b595b9c22a9bc45eadcbc349,801775,58,58,true,official,extracted,framework,en,true
83,UY_BCU_Seven_Lessons_2022,UY_BCU_Seven_Lessons_2022,UY_BCU_Seven_Lessons_from_e-Peso_Sarmiento_2022.pdf,korpus/UY_BCU_Seven_Lessons_from_e-Peso_Sarmiento_2022.pdf,856a9c10a2a37b3de57a34f80f4b3d77b98eac307e3545e24617f6adaafb7200,462053,13,13,true,pseudo_official,extracted,retail_or_general,en,true
84,UY_Uruguay_BCU_BilleteDigital_2017,UY_Uruguay_BCU_BilleteDigital_2017,UY_Uruguay_BCU_Billete_Digital_2017.pdf,korpus/UY_Uruguay_BCU_Billete_Digital_2017.pdf,6c915e5e6302990674822a24ccdb0d36ef13b4030c7218236dd687680acc41f5,604132,11,11,true,official,extracted,retail_or_general,es,true
85,ZA_SARB_Project_Khokha_2_Full_Report_6_April_2022,ZA_SARB_Project_Khokha_2_Full_Report_6_April_2022,ZA_SARB_Project_Khokha_2_Full_Report_6_April_2022.pdf,korpus/ZA_SARB_Project_Khokha_2_Full_Report_6_April_2022.pdf,a44ada8208993443d7ea4d992d9b83be6cccc84b5950b15d27f2d40d77e1a39b,12662392,60,60,true,official,extracted,retail_or_general,en,true
86,ZA_SARB_Project_Khokha_2_Report_media_release_6_April_2022,ZA_SARB_Project_Khokha_2_Report_media_release_6_April_2022,ZA_SARB_Project_Khokha_2_Report_media_release_6_April_2022.pdf,korpus/ZA_SARB_Project_Khokha_2_Report_media_release_6_April_2022.pdf,7a35042a7316b87983ae15d2ee43debcfedfe34fd668b882e8041f11b3cc03f7,116591,3,3,true,official,extracted,retail_or_general,en,true
87,ZA_SARB_SARB_ProjectKhokha-20180605,ZA_SARB_SARB_ProjectKhokha-20180605,ZA_SARB_SARB_ProjectKhokha-20180605.pdf,korpus/ZA_SARB_SARB_ProjectKhokha-20180605.pdf,1e11eb78bc53daeef738e6ba5704195ebf7d203c7ad7a55257473b12597625b7,3382257,80,80,true,official,extracted,retail_or_general,en,true
88,IN_RBI_ConceptNote_2022,IN_India_ConceptNote,IN_India_CONCEPTNOTEACB531172E0B4DFC9A6E506C2C24FFB6.PDF,korpus/IN_India_CONCEPTNOTEACB531172E0B4DFC9A6E506C2C24FFB6.PDF,9a5b4ae84b5c9b0043e83ff3656596de9f79926530c4c36d9261cdd78ff6d855,1365505,51,51,true,official,extracted,retail_or_general,en,true
89,PE_BCRP_NotaInformativa_2024,PE_BCRP_NotaInformativa_2024,PE_Peru_nota-informativa-2024-07-17.pdf,korpus/PE_Peru_nota-informativa-2024-07-17.pdf,5dc10c76fb8a7e7dada7d26205f9d3f05aecbd4373d9e1b5a72082e61ad15a57,90531,1,1,true,official,extracted,retail_or_general,en,true
90,HK_HKMA_eHKD_PolicyDesign,HK_HKMA_eHKD_PolicyDesign,HK_HKMA_e-HKD_A_Policy_and_Design_Perspective.pdf,korpus/HK_HKMA_e-HKD_A_Policy_and_Design_Perspective.pdf,7bcebfc51eea53cc5d818175e7d363689a1dcea95b249e7d2f98f77ed44424e9,9700767,42,42,true,official,extracted,retail_or_general,en,true
91,EU_ECB_ClosingReport_2025,EU_ECB_ClosingReport_2025,EU_ECB_DigitalEuro_Closing_Report_Preparation_Phase_2025.pdf,korpus/EU_ECB_DigitalEuro_Closing_Report_Preparation_Phase_2025.pdf,47684f4b0df1fe6f6ae5c93a8eb8c6ecad71a11ca278ccec8531a95e48265783,1665962,42,42,true,official,extracted,retail_or_general,en,true
92,EU_ECB_ThirdProgress_2025,EU_ECB_ThirdProgress_2025,EU_ECB_DigitalEuro_Third_Progress_Report_2025.pdf,korpus/EU_ECB_DigitalEuro_Third_Progress_Report_2025.pdf,dc7f909e9784bba8b08694b44c1e25fdcbba7a1b0fce9dc148cdb445b359eb37,155341,14,14,true,official,extracted,retail_or_general,en,true
93,HK_HKMA_eHKD_Phase2_2025,HK_HKMA_eHKD_Phase2_2025,HK_HKMA_eHKD_Pilot_Programme_Phase2_Report_2025.pdf,korpus/HK_HKMA_eHKD_Pilot_Programme_Phase2_Report_2025.pdf,768f42223ec583ea684ddc85dff09adceb589cb37bd9ebe4822b08faf13a3355,5345196,44,44,true,official,extracted,retail_or_general,en,true
94,NO_NB_FI2024_CBDC,NO_NB_FI2024_CBDC,NO_NorgesBank_Financial_Infrastructure_2024_CBDC_chapter.pdf,korpus/NO_NorgesBank_Financial_Infrastructure_2024_CBDC_chapter.pdf,f39d6571912cce729830f8b2907130161386a845672244c5f88e2b2d85dd857c,341251,78,78,true,official,extracted,retail_or_general,en,true
95,CN_PBOC_IntlOpsCenter_2025,CN_PBOC_IntlOpsCenter_2025,CN_PBOC_eCNY_International_Operation_Center_2025.pdf,korpus/CN_PBOC_eCNY_International_Operation_Center_2025.pdf,478a70e088e74300fbd53cce062b59201a1ef410c2d435679041e0b8016f43f4,63336,2,2,true,official,extracted,retail_or_general,en,true
96,UA_NBU_eHryvnia_page_2025,UA_NBU_eHryvnia_page_2025,UA_NBU_eHryvnia_official_page_2025.pdf,korpus/UA_NBU_eHryvnia_official_page_2025.pdf,7b4fa290709767f9dc2e0ffe0200cac466019b7c96b6e63d81afa62f091f91ca,533532,3,3,true,official,extracted,retail_or_general,en,true
97,ECCU_ECCB_DCash2_Survey_2024,ECCU_ECCB_DCash2_Survey_2024,ECCU_ECCB_DCash2_Public_Survey_2024.pdf,korpus/ECCU_ECCB_DCash2_Public_Survey_2024.pdf,e3216a42281d266bec9d6a4092de2dee411947859344404fff472e5778d19c68,463765,4,4,true,official,extracted,retail_or_general,en,true
98,BS_CBOB_SandDollar_Updates_2025,BS_CBOB_SandDollar_Updates_2025,BS_CBOB_SandDollar_Public_Updates_2025.pdf,korpus/BS_CBOB_SandDollar_Public_Updates_2025.pdf,1fd805d3f124523dc0397ffad1ad8a83d0f730f3eb8fb01ba2da7b990193e00c,535640,3,3,true,official,extracted,retail_or_general,en,true
99,SG_MAS_Orchid_page_2025,SG_MAS_Orchid_page_2025,SG_MAS_Project_Orchid_page_2025.pdf,korpus/SG_MAS_Project_Orchid_page_2025.pdf,9192c8ca336910a36d7bc185fe36bf6e299e79efca641714986e23f7692be440,131628,4,4,true,official,extracted,wholesale,en,true
100,FR_BdF_DigitalEuro_page_2025,FR_BdF_DigitalEuro_page_2025,FR_BdF_DigitalEuro_page_2025.pdf,korpus/FR_BdF_DigitalEuro_page_2025.pdf,64a634975243ea08418dd9c9da9b4c9615e910006b35996e97225ab0674a8c5d,50843,1,1,true,official,extracted,retail_or_general,en,true
101,TR_DigitalLira_Phase2_2025,TR_DigitalLira_Phase2_2025,Digital_Turkish_Lira_Second_Phase_Progress_Report.pdf,series3/Digital_Turkish_Lira_Second_Phase_Progress_Report.pdf,2f158b0f3387524e27f36cf085270eda58e45be9c77b1e6f8eb0e910eeb0a74c,577928,13,11,false,official,queued_series3,retail_or_general,en,true
102,SE_Riksbank_PaymentsReport_2025,SE_Riksbank_PaymentsReport_2025,SE_Riksbank_Payments_Report_2025.pdf,series3/SE_Riksbank_Payments_Report_2025.pdf,347233a0a7ceac2a5dcd2d708b59954e97a2ed9ad0c928e1953aea26791be1b7,2055200,73,73,true,official,queued_series3,retail_or_general,en,true
103,SE_Riksbank_PaymentsReport_2026,SE_Riksbank_PaymentsReport_2026,SE_Riksbank_Payments_Report_2026.pdf,series3/SE_Riksbank_Payments_Report_2026.pdf,37e99e79ac367ad820490eef9c50babcb42f076c4b03f978cda36b2c55598435,1967768,80,80,true,official,queued_series3,retail_or_general,en,true
104,CA_BoC_PublicMoney_SDP2024_11,CA_BoC_PublicMoney_SDP2024_11,CA_BoC_Role_of_Public_Money_SDP2024-11.pdf,series3/CA_BoC_Role_of_Public_Money_SDP2024-11.pdf,bead4ce93dc5db020a452f5d63ff5304b32cb141c60e8cfa035ceb5a325aee5b,400313,25,25,true,pseudo_official,queued_series3,retail_or_general,en,true
105,CA_BoC_Consultation_Report_2023,CA_BoC_Consultation_Report_2023,CA_BoC_Digital_Dollar_Consultation_Report_2023.pdf,series3/CA_BoC_Digital_Dollar_Consultation_Report_2023.pdf,1936a1e45562d3f3b00bd3080e1df05f0d838bae46f8477398f94af368fbbf06,717771,55,55,true,official,queued_series3,retail_or_general,en,true
106,CA_BoC_ScaleDown_page_2024,CA_BoC_ScaleDown_page_2024,CA_BoC_DigitalDollar_ScaleDown_page_2024.pdf,series3/CA_BoC_DigitalDollar_ScaleDown_page_2024.pdf,7ae0cedc51cec39d6b1d2b8363b4fce13515c3116c63eec86f2ec4104f1fad1a,768802,16,16,true,official,queued_series3,retail_or_general,en,true
107,CA_BoC_PETs_SDP2025_1,CA_BoC_PETs_SDP2025_1,CA_BoC_PETs_for_CBDC_SDP2025-1.pdf,series3/CA_BoC_PETs_for_CBDC_SDP2025-1.pdf,a61600fddc8a564c5f5e8de344a02faaa4c18f40b5b6186435b4b60020c35d64,957312,35,35,true,pseudo_official,queued_series3,retail_or_general,en,true
108,CA_BoC_RetailFeasibility_SDP2025_9,CA_BoC_RetailFeasibility_SDP2025_9,CA_BoC_Retail_CBDC_Feasibility_SDP2025-9.pdf,series3/CA_BoC_Retail_CBDC_Feasibility_SDP2025-9.pdf,08c42f21a2834ab7606d8319c827259e9629f64ed631120948351fdcefc8808a,1273988,47,47,true,pseudo_official,queued_series3,retail_or_general,en,true
109,US_WhiteHouse_EO14178_2025,US_WhiteHouse_EO14178_2025,US_WhiteHouse_EO14178_FR_2025.pdf,series3/US_WhiteHouse_EO14178_FR_2025.pdf,d6749cba663ce2b8449a85994e63c0048a1505e03f4e521524109c2f0fcb7fdd,197262,4,4,true,official,queued_series3,framework,en,true
110,US_Congress_AntiCBDC_HR1919_2025,US_Congress_AntiCBDC_HR1919_2025,US_Congress_HR1919_AntiCBDC_OnePager_2025.pdf,series3/US_Congress_HR1919_AntiCBDC_OnePager_2025.pdf,0256c04808c46cb7af28fba12ca0e186d54b6f58a324c4f3e86d90627084dd1e,129661,1,1,true,official,queued_series3,framework,en,true
111,CN_PBOC_LuLei_ActionPlan_2025,CN_PBOC_LuLei_ActionPlan_2025,CN_PBOC_LuLei_ActionPlan_FinancialNews_2025.pdf,series3/CN_PBOC_LuLei_ActionPlan_FinancialNews_2025.pdf,4f35aac4b4749c0b36760b4890bf1ad3dac2c3aacf67750b211fb17eed868934,440413,6,6,true,pseudo_official,queued_series3,retail_or_general,en,true
112,SE_Riksbank_StaffMemo_DigitalEuro_2024,SE_Riksbank_StaffMemo_DigitalEuro_2024,SE_Riksbank_StaffMemo_DigitalEuro_Sweden_2024.pdf,series3/SE_Riksbank_StaffMemo_DigitalEuro_Sweden_2024.pdf,73c137b56746bac2fa90d9aaa3198ed57cf841f177f4e61fae81aa1e3440db84,1013006,24,24,true,pseudo_official,queued_series3,retail_or_general,en,true
113,US_Fed_FEDSNote_Stablecoins_XB_2026,US_Fed_FEDSNote_Stablecoins_XB_2026,US_Fed_FEDSNote_Stablecoins_CrossBorder_2026.pdf,series3/US_Fed_FEDSNote_Stablecoins_CrossBorder_2026.pdf,3d5b188c233541a93c2cf30f97799409d2f34a5dda0d1d6ab92f09a32508d528,459900,15,15,true,pseudo_official,queued_series3,retail_or_general,en,true
