code,family,label,definition,code_when,dont_code_when
PRIV.ANON,PRIV,Anonymita / pseudonymita,"Stupeň identifikovatelnosti uživatele v CBDC — od cash-like anonymity přes pseudonymitu (stable wallet ID re-identifiable by authorities) po plnou traceability. Strength 1 = okrajová zmínka, 2 = explicitní deklarace stupně, 3 = normativní/design rozhodnutí.","Pasáž explicitně diskutuje, do jaké míry je transakce / uživatel (ne)identifikovatelný — full anonymity, threshold-based, tiered, controllable anonymity, pseudonymity, traceability, identification.",Obecné technické zmínky o šifrování bez vazby na identitu uživatele.
PRIV.OFF,PRIV,Offline platby (privacy),"Privacy vlastnosti offline plateb — typicky vyšší míra anonymity, nepřítomnost online ověření.","Pasáž zmiňuje offline payment funkcionalitu jako privacy-relevant feature (peer-to-peer, cash-like, no connectivity needed).",Offline jako pouze resilience/connectivity argument bez privacy aspektu.
PRIV.MIN,PRIV,Data minimisation / GDPR,"Princip sběru jen nezbytných dat a explicitní vazba na GDPR / data-protection právní rámec (lawful basis, data subject rights, DPIA).","Pasáž zmiňuje data minimisation principle, GDPR alignment, právní základ zpracování, ochrana osobních údajů jako design constraint.",Obecná zmínka 'privacy' bez vazby na minimalizaci dat nebo právní rámec.
PRIV.PET,PRIV,Privacy-enhancing technologies,"Konkrétní PET: ZKP/zk-SNARK, homomorphic encryption, secure multi-party computation, federated learning, differential privacy, blind signatures.","Pasáž jmenuje konkrétní kryptografickou techniku zachování privacy, nebo používá pojem PET / privacy-enhancing technology.",Obecná zmínka 'cryptography' bez konkrétní techniky.
PRIV.BAL,PRIV,Privacy ↔ AML/policy trade-off,"Diskuze napětí mezi privacy a AML/CFT/surveillance, nebo mezi privacy a jinými policy cíli (monetary policy, consumer protection, data sovereignty).","Pasáž explicitně tematizuje trade-off mezi privacy a kontrolou/regulací (balance, tension, versus, trade-off).",Pouhá zmínka jednoho z pólů bez explicitního trade-off.
PRIV.CB.visibility.opaque,PRIV,CB visibility — opaque (CB nevidi),"Centralni banka NEVIDI jednotlive transakce ani identitu uzivatelu; vidi pouze agregaty nebo zustatky zprostredkovatelu. Narrow bank model, off-ledger data, intermediary-held customer data.","Pasaz popisuje, ze CB ma omezenou nebo zadnou viditelnost na urovni uzivatele (limited visibility, off-ledger, intermediary holds data, CB sees only aggregates).","Obecna zminka privacy bez explicitniho vztahu k tomu, co CB vidi."
PRIV.CB.visibility.transparent,PRIV,CB visibility — transparent (CB vidi),"Centralni banka VIDI transakce, balance, nebo identitu uzivatelu. Bud primo (CB-operated ledger), nebo pres pristup k datum z intermediaru.","Pasaz popisuje, ze CB vidi transakce, ma pristup k datum uzivatelu, full visibility, all transactions logged on CB ledger.","Obecna zminka transaction monitoring bez upresneni, kdo monitoruje."
AML.LIMIT,AML,Holding / transaction limits,"Wallet caps, daily/monthly limits, reverse waterfall jako AML nebo financial-stability nástroj.","Pasáž stanovuje nebo diskutuje kvantitativní limity (CZK/EUR/USD částka, počet transakcí, holding cap).",Limity v jiném kontextu (např. technical scalability).
AML.MON,AML,Transaction monitoring,"Systémy detekce podezřelých transakcí — real-time monitoring, ML-based detection, behavioural analytics.",Pasáž popisuje systém monitorování CBDC transakcí pro AML účely.,Obecné statistical reporting bez AML zaměření.
AML.FATF,AML,"AML regulační rámec (FATF, Travel Rule, SAR, sanctions)","Explicitní vazba na AML/CFT regulační machinery: FATF Recommendations, Travel Rule (R.16), suspicious activity reporting (SAR/STR), sanctions/PEP screening.","Pasáž zmiňuje FATF, Travel Rule, SAR/STR, sanctions screening, OFAC, EU/UN sanctions lists, mutual evaluation.",Obecná zmínka 'AML compliance' bez vazby na konkrétní regulační nástroj.
AML.RISK,AML,Risk-based approach,"Diferenciovaná AML/CFT opatření podle rizika (high/low risk customers, geographies, products).","Pasáž zmiňuje risk-based approach (RBA), diferenciaci opatření podle rizikového profilu.",Obecné risk management bez vazby na AML.
KYC.TIER,KYC,"Tiered KYC (SDD, EDD, exemptions)","Vícestupňový KYC — různé úrovně due diligence podle typu wallet/limitů; simplified DD pro low-value, enhanced DD pro high-risk, exemption pro offline/cash-like.","Pasáž popisuje různé úrovně KYC podle wallet typu, limitu nebo rizika.",Pouze jednoúrovňový KYC bez diferenciace.
KYC.IDV,KYC,Identity verification (onboarding),"Mechanismy ověření totožnosti při onboardingu — eKYC, video ID, biometrie, government ID.","Pasáž popisuje, jak se uživatel identifikuje při založení CBDC wallet/účtu.",Authentication během transakcí bez vazby na onboarding.
KYC.INTERMED,KYC,"Role intermediářů (PSPs, banky)","Role autorizovaných zprostředkovatelů (banky, PSPs) při KYC vs. role centrální banky — typicky two-tier / indirect distribution model.","Pasáž popisuje, kdo provádí KYC (intermediář vs. centrální banka), distribution model.",Obecná zmínka 'banks' bez vazby na KYC roli.
TECH.DLT,TECH,DLT vs. centralizovaný ledger,"Volba mezi distributed ledger technology (blockchain, DLT) a centralizovaným systémem.","Pasáž explicitně diskutuje volbu DLT/blockchain vs. centrální databáze nebo uvádí zvolenou ledger architekturu pro vlastní CBDC.","Token/account reprezentace bez explicitního tvrzení o distribuci ledgeru nebo DLT/blockchain architektuře."
TECH.TOKEN.decided_yes,TECH,Token architektura — rozhodnuto ANO,Dokument ROZHODUJE pro token-based (bearer) architekturu; nikoli pouhé zvažování.,"Emitent explicitně volí token-based, bearer nebo value-based reprezentaci.","Zmínka o DLT, blockchainu nebo kryptografických tokenech bez rozhodnutí token-versus-account."
TECH.TOKEN.decided_no,TECH,Token architektura — rozhodnuto NE,Dokument ROZHODUJE proti token-based (tj. account-based); nikoli pouhé zvažování.,"Emitent explicitně odmítá token-based reprezentaci nebo volí account-based reprezentaci.","Zmínka o centralizovaném ledgeru bez explicitního rozhodnutí token-versus-account."
TECH.TOKEN.considered,TECH,Token vs. account — zvažováno,Architektura token/account diskutována či testována bez rozhodnutí.,"Token-versus-account reprezentace je porovnávána, diskutována nebo testována bez konečného rozhodnutí.","DLT/blockchain je diskutován bez vazby na token-versus-account reprezentaci."
PROG.remuneration_yes,PROG,Úročení — závazek ano,Explicitní závazek CBDC úročit.,,
PROG.remuneration_no,PROG,Úročení — odmítnuto,Explicitní rozhodnutí neúročit (zero remuneration).,,
PROG.remuneration_considered,PROG,Úročení — zvažováno,"Úročení diskutováno jako možnost, bez závazku.",,
PROG.restriction,PROG,Programová omezení použití,"Programovatelnost jako OMEZENÍ užití prostředků (účel, čas, místo, příjemce) — signál state control.",,
PROG.generic,PROG,Programovatelnost — obecně,"Obecná programovatelnost a pravidla chování CBDC platby bez restrikční povahy; zahrnuje smart contracts, podmíněné platby a autorem zahrnuté consumer-protection flows.","Pasáž popisuje programovatelné nebo podmíněné payment logic; v této studii také explicitní CBDC pravidla pro potvrzení, storno nebo vrácení platby.","Pouhá obecná procedura nebo právní ochrana bez vazby na chování CBDC platby."
PROC.pilot_learning,PROC,Procesní poznatky z pilotů,Provozní/testovací poznatky; nevstupuje do měr.,"Empirický provozní nebo technický poznatek z uskutečněného CBDC pilotu či testu.","Budoucí proces, právní procedura nebo designové pravidlo bez výsledku pilotu."
LEGAL.basis,LEGAL,Právní základ,Legislativní rámec a mandát; nevstupuje do měr.,,
INST.mandate,INST,Institucionální mandát,"Role institucí, governance; nevstupuje do měr.",,
OTHER.keep,OTHER,Validní výrok mimo rodiny,Design-relevantní výrok mimo rodiny; nevstupuje do měr.,,
INTEROP.domestic,INTEROP,Domestic convertibility & integration,"Domestic convertibility & integration: par with bank money, fund/defund, settlement, wholesale/interbank",,
INTEROP.crossborder,INTEROP,Cross-border,"Cross-border: mCBDC, corridors, remittances, FX",,
CASH.relation,CASH,Relationship to cash,"Relationship to cash: complement/substitute, coexistence, conversion, legal tender",,
ACCESS.universal,ACCESS,Universal access,"Universal access: no-account users, disabilities, rural, offline as reach",,
STAB.disintermediation,STAB,Financial stability,"Financial stability: deposits, balance sheets, lending",,
OPS.resilience,OPS,Operational resilience,"Operational resilience: cyber, continuity, fraud, availability",,
ADOPT.experience,ADOPT,Adoption & UX,"Adoption & UX: convenience, merchants, fees, incentives, use cases",,
SYS.design,SYS,Core system design & operating model,"Core system design & operating model: issuance, operator roles, components, wallet parameters",,
