doc_id,path,single,pages,source_type,extraction_status,scope,scope_review,language,yield_per_page
AE_UAE_001,AE_UAE_cbdc-short-report_july.pdf,False,15,official,extracted,retail_or_general,,en,2.73
AE_UAE_002,AE_UAE_cbuae-launches-the-central-bank-digital-currency-strategy-the-digital-dirham-en.pdf,False,2,official,extracted,retail_or_general,,en,2.0
AE_UAE_003,AE_UAE_cbuae-unveils-new-dirham-symbol-en.pdf,False,3,official,extracted,retail_or_general,,en,2.33
AM_ARM_001,AM_Armenia_archived_CBDC_26.06.2023.pdf,True,26,official,extracted,retail_or_general,,en,0.35
AU_RBA_001,AU_RBA_australian-cbdc-pilot-for-digital-finance-innovation-project-report.pdf,False,44,pseudo_official,extracted,retail_or_general,,en,3.05
AU_RBA_002,AU_RBA_australian-cbdc-pilot-for-digital-finance-innovation-white-paper.pdf,False,15,pseudo_official,extracted,retail_or_general,,en,1.8
AU_RBA_003,AU_RBA_project-acacia-consultation-paper-2024-11.pdf,False,46,official,extracted,retail_or_general,,en,1.04
AW_ARU_001,AW_Aruba_readBlob.do_5decead7.pdf,True,250,official,extracted,retail_or_general,,en,0.2
BIS_Pakistan_2022,BIS_r220206m.pdf,True,13,official,extracted,framework,REVIEW,en,0.0
BO_BCB_Boliviano_Digital_2025,BO_Bolivia_BCB_Primer_Informe_Boliviano_Digital_2025.pdf,True,63,official,extracted,retail_or_general,,es,1.17
BR_Brazil_2023,BR_Brazil_Digital_Brazilian_Real_Press_Conference_Guidelines_Pilot_RD_Mar2023.pdf,True,19,official,extracted,retail_or_general,,en,0.47
BS_Bahamas_SandDollar_2019,BS_Bahamas_Project_Sanddollar_2019.pdf,True,33,official,extracted,retail_or_general,,en,1.79
CA_BoC_2017,CA_BoC_sdp2017-16.pdf,False,30,pseudo_official,extracted,retail_or_general,,en,1.37
CA_Jasper_III_2018,CA_Payments_jasper_phase_iii_whitepaper_EN.pdf,False,40,pseudo_official,extracted,wholesale,REVIEW,en,0.82
CA_Jasper_Phase12_2017,CA_Payments_jasper_report_eng.pdf,False,70,pseudo_official,extracted,wholesale,REVIEW,en,1.47
CA_Jasper_Primer_2017,CA_Payments_project_jasper_primer_EN.pdf,False,5,pseudo_official,extracted,wholesale,REVIEW,en,0.2
CN_China_2021,CN_China_PBoC_e-CNY_white_paper_2021.pdf,False,16,official,extracted,retail_or_general,,en,3.12
CN_China_BIS_2022,CN_China_PBoC_e-CNY_BIS_bispap123.pdf,False,214,pseudo_official,extracted,retail_or_general,,en,1.34
CO_Colombia_2022,CO_Colombia_btaboada-congreso-derecho-financiero-asobancaria-sept-2022.pdf,True,25,official,extracted,retail_or_general,,es,0.12
CZ_CzechRepublic_2022,CZ_CNB_digitalni-penize-centralnich-bank-CBDC.pdf,True,21,official,extracted,retail_or_general,,en,1.38
DK_Denmark_2022,DK_Denmark_analysis-no-8-new-types-of-digital-money.pdf,True,29,official,extracted,retail_or_general,,en,0.97
ECCU_ECCB_DCash_2_RFP_2023,ECCU_ECCB_DCash_2.0_RFP_2023.pdf,True,6,official,extracted,retail_or_general,,en,1.83
ES_Spain_2022,ES_Spain_notabe051222.pdf,False,2,official,extracted,retail_or_general,,es,1.5
ES_Spain_2024a,ES_Spain_BOE-A-2024-205.pdf,False,10,official,extracted,framework,REVIEW,es,1.1
ES_Spain_2024b,ES_Spain_BOE-A-2024-206.pdf,False,10,official,extracted,framework,REVIEW,es,1.1
ES_Spain_2024c,ES_Spain_Nota_de_prensa_EN_Continuacion_trabajos_tokens_digitales.pdf,False,2,official,extracted,retail_or_general,,en,0.0
EU_ECB_2019,EU_ECB_ecb.other191204_f6a84c14a7.en.pdf,False,3,official,extracted,retail_or_general,,en,0.67
EU_ECB_2024,EU_ECB_ecb.deprp202412.en.pdf,False,13,official,extracted,retail_or_general,,en,1.38
FR_BdF_2022,FR_BanqueDeFrance_Tunisia_CBDC_Trial_2021.pdf,True,17,official,extracted,wholesale,REVIEW,fr,0.47
GH_Ghana_2021,GH_Ghana_eCedi-Design-Paper.pdf,False,32,official,extracted,retail_or_general,,en,1.75
GH_Ghana_2023,GH_Ghana_The-eCedi-Report-221024.pdf,False,56,official,extracted,retail_or_general,,en,0.62
HK_HKMA_2021,HK_HKMA_e-HKD_A_technical_perspective.pdf,False,50,official,extracted,retail_or_general,,en,2.86
HK_HKMA_2022,HK_HKMA_20220920e4a1.pdf,False,39,official,extracted,retail_or_general,,en,0.95
HU_Hungary_2025,HU_Hungary_student-safe-white-paper-final-20250303-en.pdf,True,39,official,extracted,retail_or_general,,en,1.28
ID_Indonesia_2022,ID_Indonesia_White-Paper-CBDC-2022_en.pdf,False,65,official,extracted,retail_or_general,,en,1.75
ID_Indonesia_2023a,ID_Indonesia_Consultative-Paper-Rupiah-Digital-BI.pdf,False,21,official,extracted,retail_or_general,,en,2.24
ID_Indonesia_2024,ID_Indonesia_Laporan_POC_Proyek_Garuda_EN.pdf,False,50,official,extracted,retail_or_general,,en,3.02
IL_BoI_2024,IL_Israel_initial-design-for-the-digital-shekel-system.pdf,False,136,official,extracted,retail_or_general,,en,3.24
IL_Israel_#U05d0#U05e8#U05db#U05d9#U05d8#U05e7#U05d8#U05d5#U05e8#U05d4-#U05dc#U05d5#U05d2#U05d9#U05ea-#U05d0#U05e0#U05d2#U05dc#U05d9#U05ea.pdf,IL_Israel_#U05d0#U05e8#U05db#U05d9#U05d8#U05e7#U05d8#U05d5#U05e8#U05d4-#U05dc#U05d5#U05d2#U05d9#U05ea-#U05d0#U05e0#U05d2#U05dc#U05d9#U05ea.pdf,False,41,official,extracted,retail_or_general,,en,3.49
IN_RBI_2025,IN_India_DigitalRupee09012025.pdf,True,6,official,extracted,retail_or_general,,en,2.5
IS_CBI_2018,IS_Iceland_Special_Publication_12.pdf,True,36,official,extracted,retail_or_general,,en,1.78
IT_BdI_MISP_2021,IT_Italy_N.10-MISP.pdf,True,70,pseudo_official,extracted,retail_or_general,,en,3.3
JP_BoJ_2022,JP_BoJ_rel220526a.pdf,False,21,official,extracted,retail_or_general,,en,0.86
JP_BoJ_Pilot_EN,JP_BoJ_dig240531a.pdf,False,29,official,extracted,retail_or_general,,en,0.97
JP_BoJ_Pilot_JP,JP_BoJ_archived_dig240422a.pdf,False,27,official,extracted,retail_or_general,,ja,0.04
JP_BoJ_PoC2,JP_BoJ_dig230529a.pdf,False,31,official,extracted,retail_or_general,,en,1.81
MG_BFM_2023,MG_Madagascar_BFM-eAriary-project-651d75b89c1a3.pdf,False,17,official,extracted,retail_or_general,,en,0.0
MG_BFM_OP_2023,MG_Madagascar_projet-eAriary-One-pager.pdf,False,1,official,extracted,retail_or_general,,es,6.0
MG_BFM_RFI_2021,MG_Madagascar_BFM_e-Ariary_RFI-RFQ_VF-BFM.pdf,False,10,official,extracted,retail_or_general,,en,1.3
MO_AMCM_eMOP_WP,MO_Macao_e-MOP_en.pdf,True,62,official,extracted,retail_or_general,,en,1.52
NA_BoN_2022,NA_Namibia_dc7fb7a3-aaab-4f23-babb-2a1a86f71e5a.pdf,True,8,official,extracted,retail_or_general,,en,1.38
NO_Norway_nb_memo_2_19_dsp,NO_Norway_nb_memo_2_19_dsp.pdf,False,34,official,extracted,retail_or_general,,en,4.94
NO_Norway_nbmemo-1-2018,NO_Norway_nbmemo-1-2018-digitalesentralbankpenger.pdf,False,55,official,extracted,retail_or_general,,en,2.16
NO_Norway_norges-bank-memo-1-2021,NO_Norway_norges-bank-memo-1-2021.pdf,False,71,official,extracted,retail_or_general,,en,3.44
NO_Norway_norges-bank-memo-2_2020-eng,NO_Norway_norges-bank-memo-2_2020-eng.pdf,False,9,official,extracted,retail_or_general,,en,0.67
NO_Norway_norges-bank-papers-2---phase-4---final-report,NO_Norway_norges-bank-papers-2---phase-4---final-report.pdf,False,20,official,extracted,retail_or_general,,en,2.4
NZ_RBNZ_CBDCIssuesPaper_2021,WAYBACK_da81215e_cbdc-issues-paper.pdf,False,47,official,extracted,retail_or_general,,en,1.53
NZ_RBNZ_cbdc-insights-dossier-for-public-1,NZ_RBNZ_cbdc-insights-dossier-for-public-1.pdf,False,84,official,extracted,retail_or_general,,en,0.98
PE_Peru_cbdc-presentation,PE_Peru_cbdc-presentation.pdf,True,35,official,extracted,retail_or_general,,en,2.11
PH_Philippines_EFLP2024_1_2c,PH_Philippines_EFLP2024_1_2c.pdf,True,12,official,extracted,retail_or_general,,en,0.25
PW_Palau_Phase1_Report,PW_Palau_Republic-of-Palau-Stablecoin-Program-Phase-1-Report.pdf,True,25,pseudo_official,extracted,retail_or_general,,en,1.08
PY_BCP_Informe_CBDC,PY_BCP_Informe_CBDC.pdf,True,14,official,extracted,retail_or_general,,es,0.64
RU_Russia_concept_08042021,RU_Russia_concept_08042021.pdf,False,31,official,extracted,retail_or_general,,ru/uk,3.45
RU_Russia_consultation_paper_201013,RU_Russia_consultation_paper_201013_eng.pdf,False,45,official,extracted,retail_or_general,,en,1.87
RU_Russia_digital_ruble_30062025,RU_Russia_digital_ruble_30062025.pdf,False,25,official,extracted,retail_or_general,,ru/uk,3.08
RW_Rwanda_CBDC_Ideathon,RW_Rwanda_CBDC_Ideathon.pdf,True,8,official,extracted,retail_or_general,,en,1.0
SE_Riksbank_2017,SE_Riksbank_rapport_ekrona_uppdaterad_170920_eng.pdf,True,44,official,extracted,retail_or_general,,en,2.18
SG_MAS_mas-project-orchid-report,SG_MAS_mas-project-orchid-report.pdf,True,55,official,extracted,wholesale,REVIEW,en,2.64
SZ_Eswatini_2024-Fintech-Digital-Lilangeni-Design-Paper,SZ_Eswatini_2024-Fintech-Digital-Lilangeni-Design-Paper.pdf,True,42,official,extracted,retail_or_general,,en,2.74
TH_Thailand_n3063e,TH_Thailand_n3063e.pdf,False,2,official,extracted,retail_or_general,,en,0.0
TH_Thailand_rCBDC_Conclusion_Report,TH_Thailand_rCBDC_Conclusion_Report.pdf,False,36,official,extracted,retail_or_general,,en,1.31
TR_Turkey_Digital_Turkish_Lira_First_Phase_Evaluation_Report,TR_Turkey_Digital_Turkish_Lira_First_Phase_Evaluation_Report.pdf,True,64,official,extracted,retail_or_general,,en,2.08
TT_CBTT_WP02_2025,TT_CBTT_WP02_2025_Digital_Money.pdf,True,26,pseudo_official,extracted,retail_or_general,,en,0.69
UA_NBU_E-hryvnia_2019,UA_NBU_Analytical_Report_E-hryvnia.pdf,True,42,official,extracted,retail_or_general,,en,2.74
UK_BoE_2020_OpportChall,UK_BoE_central-bank-digital-currency-opportunities-challenges-and-design.pdf,False,57,official,extracted,retail_or_general,,en,2.63
UK_BoE_2023_TechWP,UK_BoE_the-digital-pound-technology-working-paper.pdf,False,86,official,extracted,retail_or_general,,en,2.37
UN_ESCAP_4e8e7145_2023,UN_ESCAP_content_4e8e7145.pdf,False,54,official,extracted,framework,REVIEW,en,0.3
UN_ESCAP_9919dd3a_2023,UN_ESCAP_content_9919dd3a.pdf,False,23,official,extracted,framework,REVIEW,en,0.0
UN_ESCAP_ESCAP-2022-RP-National-study-central-bank-digital-currency-stablecoin-Maldives,UN_ESCAP_ESCAP-2022-RP-National-study-central-bank-digital-currency-stablecoin-Maldives.pdf,False,68,official,extracted,framework,REVIEW,en,1.0
US_Fed_2022,US_Fed_money-and-payments-20220120.pdf,False,40,official,extracted,retail_or_general,,en,0.98
US_NYFed_CedarPhaseOne_2022,US_NYFed_project-cedar-phase-one-report.pdf,False,12,official,extracted,wholesale,REVIEW,en,2.08
US_WhiteHouse_TechEval_2022,US_WhiteHouse_archived_09-2022-Technical-Evaluation-US-CBDC-System.pdf,False,58,official,extracted,framework,REVIEW,en,3.09
UY_BCU_Seven_Lessons_2022,UY_BCU_Seven_Lessons_from_e-Peso_Sarmiento_2022.pdf,False,13,pseudo_official,extracted,retail_or_general,,en,2.15
UY_Uruguay_BCU_BilleteDigital_2017,UY_Uruguay_BCU_Billete_Digital_2017.pdf,False,11,official,extracted,retail_or_general,,es,0.73
ZA_SARB_Project_Khokha_2_Full_Report_6_April_2022,ZA_SARB_Project_Khokha_2_Full_Report_6_April_2022.pdf,False,60,official,extracted,retail_or_general,,en,1.6
ZA_SARB_Project_Khokha_2_Report_media_release_6_April_2022,ZA_SARB_Project_Khokha_2_Report_media_release_6_April_2022.pdf,False,3,official,extracted,retail_or_general,,en,0.67
ZA_SARB_SARB_ProjectKhokha-20180605,ZA_SARB_SARB_ProjectKhokha-20180605.pdf,False,80,official,extracted,retail_or_general,,en,1.25
IN_RBI_ConceptNote_2022,IN_India_CONCEPTNOTEACB531172E0B4DFC9A6E506C2C24FFB6.PDF,False,51,official,extracted,retail_or_general,,en,4.08
PE_BCRP_NotaInformativa_2024,PE_Peru_nota-informativa-2024-07-17.pdf,False,1,official,extracted,retail_or_general,,en,0.0
HK_HKMA_eHKD_PolicyDesign,HK_HKMA_e-HKD_A_Policy_and_Design_Perspective.pdf,False,42,official,extracted,retail_or_general,,en,1.45
EU_ECB_ClosingReport_2025,EU_ECB_DigitalEuro_Closing_Report_Preparation_Phase_2025.pdf,False,42,official,extracted,retail_or_general,,en,2.86
EU_ECB_ThirdProgress_2025,EU_ECB_DigitalEuro_Third_Progress_Report_2025.pdf,False,14,official,extracted,retail_or_general,,en,2.21
HK_HKMA_eHKD_Phase2_2025,HK_HKMA_eHKD_Pilot_Programme_Phase2_Report_2025.pdf,False,44,official,extracted,retail_or_general,,en,2.48
NO_NB_FI2024_CBDC,NO_NorgesBank_Financial_Infrastructure_2024_CBDC_chapter.pdf,False,78,official,extracted,retail_or_general,,en,0.28
CN_PBOC_IntlOpsCenter_2025,CN_PBOC_eCNY_International_Operation_Center_2025.pdf,False,2,official,extracted,retail_or_general,,en,1.5
UA_NBU_eHryvnia_page_2025,UA_NBU_eHryvnia_official_page_2025.pdf,False,3,official,extracted,retail_or_general,,en,1.67
ECCU_ECCB_DCash2_Survey_2024,ECCU_ECCB_DCash2_Public_Survey_2024.pdf,False,4,official,extracted,retail_or_general,,en,0.5
BS_CBOB_SandDollar_Updates_2025,BS_CBOB_SandDollar_Public_Updates_2025.pdf,False,3,official,extracted,retail_or_general,,en,0.0
SG_MAS_Orchid_page_2025,SG_MAS_Project_Orchid_page_2025.pdf,False,4,official,extracted,wholesale,REVIEW,en,1.25
FR_BdF_DigitalEuro_page_2025,FR_BdF_DigitalEuro_page_2025.pdf,False,1,official,extracted,retail_or_general,,en,7.0
TR_DigitalLira_Phase2_2025,Digital_Turkish_Lira_Second_Phase_Progress_Report.pdf,False,13,official,queued_series3,retail_or_general,,en,
SE_Riksbank_PaymentsReport_2025,SE_Riksbank_Payments_Report_2025.pdf,False,73,official,queued_series3,retail_or_general,,en,
SE_Riksbank_PaymentsReport_2026,SE_Riksbank_Payments_Report_2026.pdf,False,80,official,queued_series3,retail_or_general,,en,
CA_BoC_PublicMoney_SDP2024_11,CA_BoC_Role_of_Public_Money_SDP2024-11.pdf,False,25,pseudo_official,queued_series3,retail_or_general,,en,
CA_BoC_Consultation_Report_2023,CA_BoC_Digital_Dollar_Consultation_Report_2023.pdf,False,55,official,queued_series3,retail_or_general,,en,
CA_BoC_ScaleDown_page_2024,CA_BoC_DigitalDollar_ScaleDown_page_2024.pdf,False,16,official,queued_series3,retail_or_general,,en,
CA_BoC_PETs_SDP2025_1,CA_BoC_PETs_for_CBDC_SDP2025-1.pdf,False,35,pseudo_official,queued_series3,retail_or_general,,en,
CA_BoC_RetailFeasibility_SDP2025_9,CA_BoC_Retail_CBDC_Feasibility_SDP2025-9.pdf,False,47,pseudo_official,queued_series3,retail_or_general,,en,
US_WhiteHouse_EO14178_2025,US_WhiteHouse_EO14178_FR_2025.pdf,False,4,official,queued_series3,framework,REVIEW,en,
US_Congress_AntiCBDC_HR1919_2025,US_Congress_HR1919_AntiCBDC_OnePager_2025.pdf,False,1,official,queued_series3,framework,REVIEW,en,
CN_PBOC_LuLei_ActionPlan_2025,CN_PBOC_LuLei_ActionPlan_FinancialNews_2025.pdf,False,6,pseudo_official,queued_series3,retail_or_general,,en,
SE_Riksbank_StaffMemo_DigitalEuro_2024,SE_Riksbank_StaffMemo_DigitalEuro_Sweden_2024.pdf,False,24,pseudo_official,queued_series3,retail_or_general,,en,
US_Fed_FEDSNote_Stablecoins_XB_2026,US_Fed_FEDSNote_Stablecoins_CrossBorder_2026.pdf,False,15,pseudo_official,queued_series3,retail_or_general,,en,
