jur,n_segs,n_docs,raw_cash_substitution,raw_financial_inclusion,raw_sovereignty_competition,raw_payment_modernization,raw_monetary_transmission,raw_state_control,fz_cash_substitution,fz_financial_inclusion,fz_sovereignty_competition,fz_payment_modernization,fz_monetary_transmission,fz_state_control,state_privacy_raw,state_privacy_fz,fz_cash_substitution_ungated,dominant_centre,dominant_score,second_score,mixed_case,iso3,country,cluster,is_composite,vocab,net_privacy_posture
AE,48,3,0.3020408163265306,0.18095238095238098,0.09183673469387756,0.4632653061224489,0.19319727891156463,0.16598639455782313,0.5842233333142732,0.6322971275623573,0.5607043931796413,0.8034939324297703,0.5507688068508865,0.43155501053203077,-0.0625,0.6653634647757997,0.746624406170938,payment_modernization,0.8034939324297703,0.6322971275623573,False,ARE,United Arab Emirates,financial_inclusion,False,0.15789473684210525,-0.01953125
AM,6,1,0.09090909090909091,0.6727272727272727,0.0,0.39999999999999997,0.14545454545454548,0.18181818181818182,0.26452566212794815,0.95,0.05,0.6574488878754697,0.45684391574991484,0.4853032231203747,0.0,0.7046176605621589,0.3273826458036984,financial_inclusion,0.95,0.6574488878754697,False,ARM,Armenia,financial_inclusion,False,0.0,0.0
AU,185,3,0.11498257839721254,0.024738675958188152,0.12874564459930316,0.3341463414634146,0.05226480836236934,0.2587108013937282,0.21232115497768222,0.18899860284688835,0.6697188860781539,0.5054287510183967,0.1961873826191985,0.5525665728523705,-0.6607142857142857,0.2764553362328538,0.40083588998864983,sovereignty_competition,0.6697188860781539,0.5525665728523705,False,AUS,Australia,sovereignty_competition,False,0.2169811320754717,-0.12398648648648648
AW,44,1,0.2639175257731959,0.11752577319587627,0.09484536082474226,0.5412371134020618,0.44948453608247424,0.07628865979381444,0.576223967643043,0.5491029616452117,0.5695906987578295,0.95,0.95,0.12703519621767415,0.07894736842105263,0.7542019078712443,0.6857921249908291,payment_modernization,0.95,0.95,True,ABW,Aruba,financial_inclusion,False,0.2903225806451613,0.05965909090909091
BO,70,1,0.13529411764705884,0.1281045751633987,0.13921568627450978,0.4725490196078431,0.19281045751633988,0.403921568627451,0.23726090604257002,0.5629787566344279,0.700643296654722,0.8249249573106039,0.5501610608856694,0.6577602342873119,-0.7,0.25023419203747077,0.46281064346079825,payment_modernization,0.8249249573106039,0.700643296654722,False,BOL,Bolivia,financial_inclusion,False,0.2558139534883721,-0.19910714285714284
BR,9,1,0.0,0.0,0.04,0.22666666666666663,0.0,0.84,0.019125,0.05,0.30251066093144063,0.13165051361515845,0.05,0.95,-1.0,0.05,0.05,state_control,0.95,0.30251066093144063,False,BRA,Brazil,monetary_transmission,False,0.0,-0.3333333333333333
BS,58,1,0.05972850678733032,0.19140271493212668,0.01085972850678733,0.19909502262443438,0.18552036199095026,0.46244343891402717,0.13512714109559304,0.6460044161870022,0.1185549305696219,0.05,0.5387073869258098,0.7001546787678449,-0.5405405405405406,0.3566649787961263,0.23224416366831224,state_control,0.7001546787678449,0.6460044161870022,True,BHS,Bahamas,financial_inclusion,False,0.06382978723404255,-0.3771551724137931
CA,156,4,0.09003322259136214,0.0,0.14335548172757476,0.3308970099667774,0.034717607973421924,0.16578073089700998,0.20150973264190322,0.05,0.7128706342589981,0.4968548006030479,0.1471069520669699,0.43085679156399553,-0.45121951219512196,0.4162820586051294,0.3247101884188787,sovereignty_competition,0.7128706342589981,0.4968548006030479,False,CAN,Canada,sovereignty_competition,False,0.2773109243697479,-0.01201923076923077
CN,246,3,0.17087126137841352,0.1716514954486346,0.08049414824447335,0.38218465539661894,0.1871261378413524,0.2343302990897269,0.4314478580789923,0.6200975249169566,0.52720282640057,0.6163229856105668,0.5412302664928974,0.534904836372093,-0.012345679012345678,0.6968637453451003,0.5373207722752633,financial_inclusion,0.6200975249169566,0.6163229856105668,True,CHN,China,state_control,False,0.3248407643312102,0.007367886178861789
CO,1,1,0.0,0.0,0.0,1.5,0.3,0.0,0.04040007396827017,0.05,0.05,0.95,0.7185695635230533,0.05,0.0,0.7046176605621589,0.05,payment_modernization,0.95,0.7185695635230533,False,COL,Colombia,monetary_transmission,False,,0.0
CZ,23,1,0.18867924528301888,0.1811320754716981,0.018867924528301886,0.05849056603773585,0.21886792452830192,0.27547169811320754,0.33439398173819335,0.632532825736724,0.16910880232615125,0.05,0.5911006796239107,0.564708510591857,-0.5192307692307693,0.3708881282651774,0.5657364800594658,financial_inclusion,0.632532825736724,0.5911006796239107,True,CZE,Czech Republic,sovereignty_competition,False,0.6363636363636364,-0.15217391304347827
DK,27,1,0.12903225806451613,0.05161290322580645,0.11451612903225807,0.21129032258064515,0.4387096774193549,0.12580645161290321,0.21784119559693604,0.3399961764075017,0.6276904591290047,0.0777745826662679,0.9365002359957817,0.2951458938810939,-0.75,0.21686182669789228,0.4437044004955719,monetary_transmission,0.9365002359957817,0.6276904591290047,False,DNK,Denmark,cash_substitution,False,0.25,-0.013888888888888888
ECCU,12,2,0.15384615384615385,0.22692307692307695,0.011538461538461537,0.3153846153846154,0.0,0.11538461538461539,0.4717103369496425,0.6925950662854088,0.12283961373022326,0.44250217330198,0.05,0.2597642240830482,0.2857142857142857,0.8840654127283726,0.51015427868324,financial_inclusion,0.6925950662854088,0.4717103369496425,False,ECCU,Eastern Caribbean (OECS / ECCU),financial_inclusion,False,0.6666666666666666,0.20833333333333334
ES,23,3,0.046875,0.015625,0.128125,0.259375,0.0,0.21875,0.18675210037339968,0.13779181121711478,0.6678857445294979,0.2462546027446389,0.05,0.5236181477971205,0.5,0.95,0.19302542674253198,sovereignty_competition,0.6678857445294979,0.5236181477971205,False,ESP,Spain,sovereignty_competition,False,0.07692307692307693,0.08695652173913043
EU,167,4,0.33839662447257385,0.2333333333333333,0.06814345991561181,0.2921940928270042,0.4432489451476794,0.08059071729957806,0.778485682672109,0.7010031453902168,0.4801737525361568,0.3612467731240938,0.9436320070947566,0.1416404898326305,0.7138888888888889,0.95,0.8046363645189758,monetary_transmission,0.9436320070947566,0.778485682672109,False,EMU,Euro Area,sovereignty_competition,False,0.4811320754716981,0.24663173652694612
FR,12,2,0.3931034482758621,0.20689655172413793,0.1620689655172414,0.4793103448275862,0.027586206896551727,0.0,0.7206811888720293,0.6663270674269398,0.7681429506433722,0.8405331650864786,0.12716005298705282,0.05,0.0,0.7046176605621589,0.8919305314119541,payment_modernization,0.8405331650864786,0.7681429506433722,True,FRA,France,,False,0.3333333333333333,0.14583333333333334
GH,80,2,0.38857142857142857,0.34448979591836737,0.046530612244897955,0.3791836734693878,0.20775510204081635,0.1461224489795918,0.671841280217046,0.8468026689366095,0.3437368912875942,0.6093953570866355,0.5736410119004685,0.364117800050093,-0.11904761904761904,0.6298477638262365,0.8846989128141787,financial_inclusion,0.8468026689366095,0.671841280217046,False,GHA,Ghana,financial_inclusion,False,0.5277777777777778,-0.034375
HK,318,4,0.16714285714285715,0.042738095238095235,0.06547619047619048,0.32714285714285707,0.0761904761904762,0.2528571428571429,0.39910401525505407,0.29013150649100344,0.4633359033103939,0.48370092753792926,0.26310871777376493,0.5483260624137595,-0.13942307692307693,0.6170506084233576,0.5313714606728671,state_control,0.5483260624137595,0.48370092753792926,True,HKG,Hong Kong,sovereignty_competition,False,0.3827751196172249,-0.0007861635220125787
HU,46,1,0.07530864197530864,0.15123456790123457,0.043209876543209874,0.38703703703703707,0.11543209876543212,0.36296296296296293,0.1325706706490787,0.5933174507812318,0.322773862117297,0.6275244850785014,0.3728695735715952,0.6280889793301463,-0.7894736842105263,0.19051522248243558,0.27978241399294024,state_control,0.6280889793301463,0.6275244850785014,True,HUN,Hungary,sovereignty_competition,False,0.15,-0.327445652173913
ID,302,3,0.07431693989071038,0.02204007285974499,0.12559198542805097,0.3901639344262295,0.11493624772313298,0.13551912568306013,0.19537365808487334,0.173836026605708,0.660404209589205,0.6347427836454516,0.37148265246131135,0.32811998973893974,-0.25,0.5476008774167219,0.2767565235641163,sovereignty_competition,0.660404209589205,0.6347427836454516,True,IDN,Indonesia,monetary_transmission,False,0.22033898305084745,-0.004759933774834437
IL,571,2,0.11507643647865051,0.05123879810226674,0.014971006852925671,0.4997891407485503,0.13036373220875067,0.3590405904059041,0.3267066835335861,0.3378942009591079,0.14450847088103472,0.8878075220129579,0.41463412757462215,0.6252475321107066,0.015873015873015872,0.7145869801269485,0.4011222706212024,payment_modernization,0.8878075220129579,0.6252475321107066,False,ISR,Israel,sovereignty_competition,False,0.3188010899182561,0.00908493870402802
IN,191,2,0.338177874186551,0.1418655097613883,0.10065075921908893,0.3140997830802603,0.15379609544468548,0.28806941431670285,0.5408737985836346,0.5810284287927616,0.5867375763994396,0.43800035309536367,0.4801756641721239,0.5738345548818854,-0.33157894736842103,0.49613583138173306,0.8042873107328405,sovereignty_competition,0.5867375763994396,0.5810284287927616,True,IND,India,monetary_transmission,False,0.32786885245901637,-0.07787958115183247
IS,59,1,0.4490909090909091,0.0,0.010909090909090908,0.21909090909090911,0.4727272727272727,0.15545454545454546,0.5282344847775176,0.05,0.1188665438903929,0.1051064281190428,0.95,0.39579985192345674,-0.6,0.31697892271662764,0.95,monetary_transmission,0.95,0.5282344847775176,False,ISL,Iceland,cash_substitution,False,0.09523809523809523,-0.057203389830508475
IT,226,1,0.17869634340222576,0.04054054054054054,0.10985691573926867,0.3120826709062003,0.1634340222575517,0.17281399046104928,0.48341869047216096,0.27778415883359514,0.6139289642557414,0.4309327565589009,0.504006917858977,0.4547343945168552,0.17452830188679244,0.8142331506825584,0.5498070394106778,sovereignty_competition,0.6139289642557414,0.504006917858977,False,ITA,Italy,sovereignty_competition,False,0.3090909090909091,0.047289823008849555
JP,99,4,0.05044642857142857,0.016964285714285713,0.0625,0.22544642857142858,0.2955357142857143,0.09464285714285714,0.17019911883055497,0.1453168236071532,0.444547907705376,0.1273750198441771,0.7115555987736196,0.18934687870692046,0.06521739130434782,0.7455785605131424,0.20392260211339158,monetary_transmission,0.7115555987736196,0.444547907705376,False,JPN,Japan,sovereignty_competition,False,0.24242424242424243,0.020202020202020204
MG,14,2,0.6433333333333333,0.38333333333333336,0.6,0.24333333333333332,0.02,0.12666666666666665,0.7352821175330306,0.8977521964427233,0.95,0.19004750170661344,0.10594103841561328,0.2980662856739485,-0.08333333333333333,0.6522787328470133,0.95,sovereignty_competition,0.95,0.8977521964427233,True,MDG,Madagascar,financial_inclusion,False,0.8,-0.026785714285714284
MO,91,1,0.2996336996336996,0.1413919413919414,0.07216117216117215,0.4542124542124542,0.06007326007326007,0.19047619047619047,0.557527467181466,0.5804072679441139,0.5025904722458628,0.7825958408599656,0.21802802747546846,0.5031360196245139,-0.140625,0.6162957200428506,0.742783436586039,payment_modernization,0.7825958408599656,0.5804072679441139,False,MAC,Macau,monetary_transmission,False,0.24242424242424243,-0.0027472527472527475
NA,8,1,0.0,0.13333333333333333,0.03333333333333333,0.3,0.0,0.7466666666666666,0.019125,0.5698371113552124,0.26042555077620055,0.38859726121756005,0.05,0.906051820982062,-1.0,0.05,0.05,state_control,0.906051820982062,0.5698371113552124,False,NAM,Namibia,,False,0.0,-0.390625
NO,567,6,0.20982211910286158,0.04068058778035576,0.07208043310131476,0.28329466357308586,0.2779582366589327,0.14787316318638824,0.4018491116907713,0.27857103888731266,0.5023520006223441,0.33006478127438493,0.6839391296789815,0.370061396803944,-0.33653846153846156,0.49282561700594485,0.5994735795200927,monetary_transmission,0.6839391296789815,0.5023520006223441,False,NOR,Norway,cash_substitution,False,0.2088235294117647,-0.05544532627865961
NZ,138,2,0.2572033898305085,0.18135593220338983,0.04915254237288135,0.3372881355932203,0.2194915254237288,0.11440677966101695,0.5882936683504998,0.6328264497336044,0.36028852402592276,0.5126814380247605,0.5920804365163163,0.25644451535502333,0.1554054054054054,0.802222687922836,0.6750785638155252,financial_inclusion,0.6328264497336044,0.5920804365163163,True,NZL,New Zealand,cash_substitution,False,0.43859649122807015,0.036231884057971016
PE,60,1,0.3930769230769231,0.4446153846153846,0.023076923076923078,0.2723076923076923,0.20538461538461542,0.1176923076923077,0.5539628349503559,0.95,0.19567922746044653,0.2915684194656043,0.5699166736950548,0.26759873668118683,-0.45,0.417096018735363,0.891888205885044,financial_inclusion,0.95,0.5699166736950548,False,PER,Peru,monetary_transmission,False,0.2962962962962963,-0.06041666666666667
PH,3,1,0.0,0.5,0.0,0.675,0.0,0.15,0.04040007396827017,0.95,0.05,0.95,0.05,0.37728191305512887,0.0,0.7046176605621589,0.05,financial_inclusion,0.95,0.95,True,PHL,Philippines,monetary_transmission,False,0.0,0.0
PW,27,1,0.1310344827586207,0.16896551724137931,0.45977011494252873,0.36091954022988504,0.20574712643678164,0.041379310344827586,0.2750482038001823,0.6165744338274554,0.95,0.5672334469309147,0.5704862249970779,0.05,-0.4722222222222222,0.402263856362217,0.4498136067101584,sovereignty_competition,0.95,0.6165744338274554,False,PLW,Republic of Palau,financial_inclusion,False,0.2,-0.013888888888888888
PY,6,1,0.3230769230769231,0.0,0.1769230769230769,0.14615384615384613,0.0,1.3846153846153846,0.29842311119129683,0.05,0.8120161895581615,0.05,0.05,0.95,-1.0,0.05,0.7801911403694036,state_control,0.95,0.8120161895581615,False,PRY,Banco Central del Paraguay (2024 design paper) — composite,financial_inclusion,False,0.0,-0.5
RU,263,3,0.1379881656804734,0.0888757396449704,0.032781065088757395,0.2778698224852071,0.09727810650887574,0.2866272189349112,0.3152688584084184,0.5115238488867904,0.25693921028996763,0.3110571184499714,0.32209191466055687,0.5727897989343389,-0.3388888888888889,0.4912568306010929,0.4710307473465368,state_control,0.5727897989343389,0.5115238488867904,True,RUS,Russian Federation,state_control,False,0.3026315789473684,-0.12523764258555134
RW,4,1,0.16666666666666666,0.09999999999999999,0.09999999999999999,0.45,0.3333333333333333,0.9666666666666667,0.20295894338383605,0.5261151000102109,0.584815488035145,0.7728715843780622,0.7709405003188252,0.95,-1.0,0.05,0.5306116166897675,state_control,0.95,0.7728715843780622,False,RWA,Rwanda,financial_inclusion,False,0.5,-0.265625
SE,92,1,0.34615384615384615,0.04759615384615385,0.08701923076923077,0.3326923076923076,0.18173076923076922,0.07980769230769232,0.3758033665083681,0.3174273633998266,0.546475369653136,0.5020721810450567,0.5327534512380552,0.1389821548617431,-0.8214285714285714,0.16918701906992306,0.8170143487811532,sovereignty_competition,0.546475369653136,0.5327534512380552,True,SWE,Sweden,cash_substitution,False,0.041666666666666664,-0.08084239130434782
SG,139,2,0.023979591836734693,0.056377551020408166,0.05892857142857142,0.2767857142857143,0.024489795918367346,0.47602040816326535,0.052200305714119044,0.3667671882282835,0.4220023129793544,0.30725859923303367,0.11849923071299585,0.7099901140714695,-0.9047619047619048,0.11356641017062562,0.12316674891862861,state_control,0.7099901140714695,0.4220023129793544,False,SGP,Singapore,sovereignty_competition,False,0.061224489795918366,-0.1506294964028777
SZ,111,1,0.3841095890410959,0.16301369863013698,0.0558904109589041,0.3441095890410959,0.1871232876712329,0.19835616438356166,0.5944401856579784,0.6087676694021316,0.4028231152740677,0.5284284490451747,0.5412257885105218,0.508844434524588,-0.32,0.5036361781359996,0.8775792787807521,financial_inclusion,0.6087676694021316,0.5944401856579784,True,SWZ,Eswatini,financial_inclusion,False,0.5094339622641509,-0.05405405405405406
TH,40,1,0.17966101694915254,0.041525423728813564,0.010169491525423728,0.37372881355932197,0.311864406779661,0.16440677966101697,0.39944882569380213,0.28331789828548476,0.11419762566053575,0.5968030642893618,0.737210066450362,0.42619228831469547,-0.20454545454545456,0.576149383443165,0.5513463423302819,monetary_transmission,0.737210066450362,0.5968030642893618,False,THA,Thailand,monetary_transmission,False,0.13043478260869565,-0.03125
TR,130,1,0.17900943396226415,0.04504716981132075,0.07429245283018868,0.36910377358490565,0.02358490566037736,0.23349056603773585,0.5324216639105599,0.30310544818821017,0.5088854422667218,0.5861263725837735,0.11596820567878925,0.5342965165067713,0.44722222222222224,0.95,0.5503066293649198,payment_modernization,0.5861263725837735,0.5342965165067713,True,TUR,Turkey,financial_inclusion,False,0.38461538461538464,0.25721153846153844
TT,13,1,0.08695652173913043,0.0,0.0,0.33043478260869563,1.7826086956521738,0.4869565217391304,0.12061086801904874,0.05,0.05,0.4952352394715211,0.95,0.7179124592999193,-1.0,0.05,0.31532253076875494,monetary_transmission,0.95,0.7179124592999193,False,TTO,Trinidad and Tobago,monetary_transmission,False,0.3333333333333333,-0.17307692307692307
UA,113,2,0.1,0.03844086021505377,0.10940860215053762,0.2682795698924731,0.15833333333333335,0.20403225806451614,0.1854181828543905,0.26598673555350394,0.6126048211515355,0.2774546064628555,0.49286655412360525,0.5129563133357942,-0.6781609195402298,0.2648106274731487,0.35512091038406823,sovereignty_competition,0.6126048211515355,0.5129563133357942,True,UKR,Ukraine,financial_inclusion,False,0.22666666666666666,-0.24225663716814158
UK,334,2,0.14111888111888113,0.06111888111888112,0.04083916083916084,0.38083916083916075,0.19230769230769232,0.1365034965034965,0.41060683931761227,0.3934071854713659,0.30780808738454773,0.613216973411539,0.5493711523367135,0.33146188482965094,0.11363636363636363,0.7759889256282666,0.4805832147937411,payment_modernization,0.613216973411539,0.5493711523367135,True,GBR,United Kingdom,sovereignty_competition,False,0.36046511627906974,0.03817365269461078
UN,67,2,0.09655172413793103,0.028275862068965516,0.2372413793103448,0.3503448275862069,0.22620689655172413,0.4441379310344828,0.20897127259684578,0.20887290526462704,0.95,0.5428222099694469,0.602631144823448,0.6868937929881005,-0.4838709677419355,0.394488932537584,0.3445994996811693,sovereignty_competition,0.95,0.6868937929881005,False,UNI,International / cross-border bodies (UN-system),monetary_transmission,True,0.26666666666666666,-0.11007462686567164
US,203,3,0.12073170731707317,0.12317073170731707,0.07048780487804877,0.2841463414634146,0.10878048780487805,0.3770731707317073,0.32254723775933514,0.55650722984759,0.494973054934063,0.3330489066915419,0.3542646723580917,0.6383107035664277,-0.09076433121019108,0.6476115673182742,0.4183776844880824,state_control,0.6383107035664277,0.55650722984759,True,USA,United States,sovereignty_competition,False,0.4125,-0.053263546798029554
UY,32,2,0.48000000000000004,0.07130434782608695,0.08347826086956521,0.2408695652173913,0.08000000000000002,0.5252173913043479,0.4296131858481097,0.45063602197166813,0.5360167286645493,0.18141490346700712,0.2737641536624532,0.7456294188334492,-0.8392857142857143,0.15726831716293074,0.95,state_control,0.7456294188334492,0.5360167286645493,False,URY,Uruguay,monetary_transmission,False,0.11764705882352941,-0.380859375
ZA,190,3,0.09986504723346828,0.0010796221322537112,0.19838056680161945,0.39662618083670714,0.03643724696356275,0.13144399460188935,0.17149483749613834,0.056066046874920755,0.8753932273514241,0.6496605817686821,0.15191687160739262,0.31428510122799014,-0.7672413793103449,0.20535411451183072,0.35470914127423814,sovereignty_competition,0.8753932273514241,0.6496605817686821,False,ZAF,South Africa,monetary_transmission,False,0.2254335260115607,-0.01644736842105263
