unit_id,input_id,doc_id,page,stratum,language,fname,pdf_sha256,block_id,chunk_start,chunk_end,text_sha256,source_mode,render_file,render_sha256,estimated_source_tokens,project_owner,authority_note
CAL-001-U01,CAL-001,CN_China_BIS_2022,57,probability,en,CN_China_PBoC_e-CNY_BIS_bispap123.pdf,0cd3acab691a744e31395df3c50377f7a93a3e4d9a13a0b365d109d68533d5f2,CAL-001-P0057-B01,0,4140,36de3bf99dd8568c1d1d07af37890e7b3b37f15d0d7cd9f14823958116021d80,text,,,1035,Banco de la Republica (Colombia CBDC analysis),BIS compendium page for Colombia. Retain only Colombian central-bank analysis/positions; exclude cited literature and generic theory. Do not treat this as PBOC material.
CAL-002-U01,CAL-002,TR_Turkey_Digital_Turkish_Lira_First_Phase_Evaluation_Report,47,probability,en,TR_Turkey_Digital_Turkish_Lira_First_Phase_Evaluation_Report.pdf,af264a199ccebc93d419ddb9790b3763bba03d826728969a91517bb441b1b606,CAL-002-P0047-B01,0,1120,c89d24cebacb6313cc2cda9081d8b3a8a64f7a29da7769d4cfe0ee78b3392ef7,text,,,280,Central Bank of the Republic of Turkiye (Digital Turkish Lira),"Retain CBRT adopted features, explicit proposals/requirements, and executed Phase 1 results. Exclude lists of future work without a conclusion."
CAL-003-U01,CAL-003,RU_Russia_digital_ruble_30062025,23,probability,ru/uk,RU_Russia_digital_ruble_30062025.pdf,e227c49de6caab68eb7ef5c8fd4b2c173a5bb07a8ae7d53e3e20f01dc05faf0c,CAL-003-P0023-B01,0,3660,fa4be3af4e70844c3046c4a55ee21ee6ffa8012bfcd178998466cfc3a0bfe985,text,,,915,Bank of Russia (digital ruble),"Retain implemented digital-ruble features, requirements, and reported results."
CAL-004-U01,CAL-004,HK_HKMA_2022,38,probability,en,HK_HKMA_20220920e4a1.pdf,cd024099fa51b43016c033083fbc934d17f36691d8d8a89b2a43c517e506e551,CAL-004-P0038-B01,0,1252,e36618ba9d0906771f3c8da2a4f75ff68cbfbd041116e1f2b683c0b668fab026,text,,,313,Hong Kong Monetary Authority (e-HKD),Consultation format: retain only text in HKMA's response or an explicit HKMA commitment. Exclude respondent feedback and suggestions unless HKMA adopts them.
CAL-005-U01,CAL-005,HK_HKMA_eHKD_Phase2_2025,27,probability,en,HK_HKMA_eHKD_Pilot_Programme_Phase2_Report_2025.pdf,768f42223ec583ea684ddc85dff09adceb589cb37bd9ebe4822b08faf13a3355,CAL-005-P0027-B01,0,4224,b5968cc14519ec9b4873ecc55ed758c6b63a1cb03566c005a801469d81c815c1,text,,,1056,Hong Kong Monetary Authority (e-HKD Phase 2 pilots),"Retain complete e-HKD pilot findings, conclusions, and HKMA requirements. Quote the complete claim before any trailing fragment."
CAL-006-U01,CAL-006,UY_BCU_Seven_Lessons_2022,5,probability,en,UY_BCU_Seven_Lessons_from_e-Peso_Sarmiento_2022.pdf,856a9c10a2a37b3de57a34f80f4b3d77b98eac307e3545e24617f6adaafb7200,CAL-006-P0005-B01,0,2707,39a5b77339c73a3eeb4d7d73fd90fa3c31c433d22745af1cfbf3652f53ca5ee5,text,,,677,Banco Central del Uruguay (e-Peso pilot),Retain BCU own-pilot findings and resulting design lessons; exclude cited literature.
CAL-007-U01,CAL-007,SG_MAS_mas-project-orchid-report,50,probability,en,SG_MAS_mas-project-orchid-report.pdf,b57dd489b0743c981bda0910c6fa8620c49cbee51b3cb5c2db4bad3a8ae59f51,CAL-007-P0050-B01,0,2116,1d2223de101f65b96019168c0cc79149981bb3940087af90b4e7ce6fc951fbce,text,,,529,Monetary Authority of Singapore (Project Orchid / purpose-bound money),"Retain complete Project Orchid decisions, requirements, and executed findings. Exclude future research and incomplete fragments."
CAL-008-U01,CAL-008,TR_Turkey_Digital_Turkish_Lira_First_Phase_Evaluation_Report,16,probability,en,TR_Turkey_Digital_Turkish_Lira_First_Phase_Evaluation_Report.pdf,af264a199ccebc93d419ddb9790b3763bba03d826728969a91517bb441b1b606,CAL-008-P0016-B01,0,76,531f0989ce92accf1eb19ad5fc2d613bf5724b7a5122ed861444af1b30bc7bbc,text_and_render,renders/CAL-008.png,0c93bad88454670332821c3754703432c28388142b9f6f2f13e2bf630ecd7661,19,Central Bank of the Republic of Turkiye (Digital Turkish Lira),"Retain CBRT adopted features, explicit proposals/requirements, and executed Phase 1 results. Exclude lists of future work without a conclusion."
CAL-009-U01,CAL-009,IL_Israel_#U05d0#U05e8#U05db#U05d9#U05d8#U05e7#U05d8#U05d5#U05e8#U05d4-#U05dc#U05d5#U05d2#U05d9#U05ea-#U05d0#U05e0#U05d2#U05dc#U05d9#U05ea.pdf,9,probability,en,IL_Israel_#U05d0#U05e8#U05db#U05d9#U05d8#U05e7#U05d8#U05d5#U05e8#U05d4-#U05dc#U05d5#U05d2#U05d9#U05ea-#U05d0#U05e0#U05d2#U05dc#U05d9#U05ea.pdf,b4191f2e6e165f15d9ddc7716ca9b7397e94cde3d50dc52077ffccc468f2d8df,CAL-009-P0009-B01,0,1831,5d3d15582d196a5b5a5259301d2d57272d2fd1d893670ecd6493cf3bffc3b445,text,,,458,Bank of Israel (digital shekel),"Retain Bank of Israel digital-shekel proposals, preferences, features, and requirements. Exclude figure fragments without a complete claim."
CAL-010-U01,CAL-010,NO_Norway_nb_memo_2_19_dsp,20,probability,en,NO_Norway_nb_memo_2_19_dsp.pdf,919ff709d96b0b9f1398543d0710f3bb4f8735a51e84038be494398c477f3927,CAL-010-P0020-B01,0,3344,9e21e3c240050843404a28c8e81090d2f5b70422c01bde40bb27d60475083ccb,text,,,836,Norges Bank (Norwegian CBDC work),"Retain Norges Bank CBDC analysis only when it states an issuer proposal, preference, requirement, or own-project finding; exclude cited theory."
CAL-011-U01,CAL-011,CN_China_BIS_2022,44,probability,en,CN_China_PBoC_e-CNY_BIS_bispap123.pdf,0cd3acab691a744e31395df3c50377f7a93a3e4d9a13a0b365d109d68533d5f2,CAL-011-P0044-B01,0,1293,ab93967069e36b0019fe97a33b7a71385e8c6646097083a3446c4d79166000d7,text,,,324,Central Bank of Chile (Chilean CBDC analysis),BIS compendium page for Chile. Retain only explicit BCCh positions or proposals; exclude payment-system background. Do not treat this as PBOC material.
CAL-012-U01,CAL-012,IL_Israel_#U05d0#U05e8#U05db#U05d9#U05d8#U05e7#U05d8#U05d5#U05e8#U05d4-#U05dc#U05d5#U05d2#U05d9#U05ea-#U05d0#U05e0#U05d2#U05dc#U05d9#U05ea.pdf,23,probability,en,IL_Israel_#U05d0#U05e8#U05db#U05d9#U05d8#U05e7#U05d8#U05d5#U05e8#U05d4-#U05dc#U05d5#U05d2#U05d9#U05ea-#U05d0#U05e0#U05d2#U05dc#U05d9#U05ea.pdf,b4191f2e6e165f15d9ddc7716ca9b7397e94cde3d50dc52077ffccc468f2d8df,CAL-012-P0023-B01,0,1357,070a2c67fcf301aebabba6e863b98a4fb10d09e537963d92e7af8a1e505edff8,text,,,340,Bank of Israel (digital shekel),"Retain Bank of Israel digital-shekel proposals, preferences, features, and requirements. Exclude figure fragments without a complete claim."
CAL-013-U01,CAL-013,ID_Indonesia_2023a,5,probability,en,ID_Indonesia_Consultative-Paper-Rupiah-Digital-BI.pdf,45410d2d4034c000ae1b25b2d2f333c180f41758b246e427e5d9314f29052c57,CAL-013-P0005-B01,0,2531,6d7a51648a7514aaf7bdd690c98a244048d4e7df434db26c98ebcdbb26d1cde2,text,,,633,Bank Indonesia (Digital Rupiah),"Retain Bank Indonesia Digital Rupiah decisions, roadmap commitments, features, and requirements."
CAL-014-U01,CAL-014,EU_ECB_ThirdProgress_2025,8,probability,en,EU_ECB_DigitalEuro_Third_Progress_Report_2025.pdf,dc7f909e9784bba8b08694b44c1e25fdcbba7a1b0fce9dc148cdb445b359eb37,CAL-014-P0008-B01,0,2556,72010cb1782fbdc2a6798c273ff64596a6e2d0ec35594d59681bc864f377563d,text,,,639,European Central Bank / Eurosystem (digital euro),"Retain Eurosystem digital-euro decisions, commitments, requirements, and reported findings; exclude stakeholder discussion summaries unless adopted."
CAL-015-U01,CAL-015,HK_HKMA_eHKD_PolicyDesign,25,probability,en,HK_HKMA_e-HKD_A_Policy_and_Design_Perspective.pdf,7bcebfc51eea53cc5d818175e7d363689a1dcea95b249e7d2f98f77ed44424e9,CAL-015-P0025-B01,0,543,0673e16112d08546469c4675a710688305ae7e855bf7c02b10444dfa5e52f2fb,text,,,136,Hong Kong Monetary Authority (e-HKD),Retain HKMA policy/design positions for e-HKD; exclude generic literature and open questions.
CAL-016-U01,CAL-016,NA_BoN_2022,2,probability,en,NA_Namibia_dc7fb7a3-aaab-4f23-babb-2a1a86f71e5a.pdf,0312bb67b77beb7e37d09fa40d1e98d19654d4febd394a54e7a87b2248a7e150,CAL-016-P0002-B01,0,2795,6ec0cdc75c3e2e13f53307f5490bd6251ccaf68423c1b4bd019b37f8014b1a68,text,,,699,Bank of Namibia (Namibian CBDC work),Retain Bank of Namibia own-project positions and requirements; exclude general context.
CAL-017-U01,CAL-017,HK_HKMA_2021,10,probability,en,HK_HKMA_e-HKD_A_technical_perspective.pdf,983adae42147c9eaae7c883618951bfe1c89bfd3e5feec042f73f7edea4cc3ac,CAL-017-P0010-B01,0,2237,28d7000fd7db0d27dffcd7160977fe6bc71fda753462a39975101a9e0942b1a1,text,,,560,Hong Kong Monetary Authority (e-HKD),Retain HKMA e-HKD positions and architecture claims. A disclaimer that a study is not a final blueprint is not itself a design conclusion.
CAL-018-U01,CAL-018,NO_NB_FI2024_CBDC,51,probability,en,NO_NorgesBank_Financial_Infrastructure_2024_CBDC_chapter.pdf,f39d6571912cce729830f8b2907130161386a845672244c5f88e2b2d85dd857c,CAL-018-P0051-B01,0,2020,db7b1766447c8e58eb987d482533bc10d32a6df0c81d6e8f548455f2ea082343,text,,,505,Norges Bank (Norwegian CBDC work),Retain only Norges Bank CBDC positions or CBDC implications. Existing Norwegian payment products are context unless explicitly linked to CBDC design.
CAL-019-U01,CAL-019,IN_RBI_ConceptNote_2022,45,probability,en,IN_India_CONCEPTNOTEACB531172E0B4DFC9A6E506C2C24FFB6.PDF,9a5b4ae84b5c9b0043e83ff3656596de9f79926530c4c36d9261cdd78ff6d855,CAL-019-P0045-B01,0,3065,8c02a67c9a0efaa2c5c7f3cee1662b336decaede7562cb7d6465826b2346872b,text,,,767,Reserve Bank of India (digital rupee),"Retain RBI proposals, decisions, requirements, and operating-model claims for the digital rupee."
CAL-020-U01,CAL-020,SE_Riksbank_2017,5,probability,en,SE_Riksbank_rapport_ekrona_uppdaterad_170920_eng.pdf,b20527266d2e5335dc1ffea9e8dfa0f12b88b0d0d4667f7a53c5a8568c7c6be8,CAL-020-P0005-B01,0,2490,00616227f3930e90cea3b0f93edb3777eec2847f4d5fbd9432ff5d67c7e7638a,text,,,623,Sveriges Riksbank (e-krona),"Retain Riksbank e-krona proposals, preferences, and requirements; exclude generic background."
CAL-021-U01,CAL-021,CN_China_BIS_2022,18,probability,en,CN_China_PBoC_e-CNY_BIS_bispap123.pdf,0cd3acab691a744e31395df3c50377f7a93a3e4d9a13a0b365d109d68533d5f2,CAL-021-P0018-B01,0,2290,d0cf761ebdec2b75906502d0dc3d8f8170c14005963e7977ea2abd0f56e2925b,text,,,573,BIS cross-country synthesis / multiple EME central banks,"Cross-country synthesis, not one focal issuer. Retain only a concrete claim explicitly attributed to a named central bank's own project; exclude aggregate survey findings and literature."
CAL-022-U01,CAL-022,CN_China_BIS_2022,93,probability,en,CN_China_PBoC_e-CNY_BIS_bispap123.pdf,0cd3acab691a744e31395df3c50377f7a93a3e4d9a13a0b365d109d68533d5f2,CAL-022-P0093-B01,0,3442,d46b8c7208c355a01e4a017c8a0c2c7723a2da65ca98ccd3e659a5204269ac7c,text,,,861,Reserve Bank of India (digital rupee),BIS compendium India chapter. Retain RBI positions and digital-rupee proposals; exclude general background. Do not treat this as PBOC material.
CAL-023-U01,CAL-023,BS_Bahamas_SandDollar_2019,27,probability,en,BS_Bahamas_Project_Sanddollar_2019.pdf,ea908a81cac506057d8d9028f278f4bd59d4d56c91e5ffb5ffa349f6e8749ef1,CAL-023-P0027-B01,0,1894,b7c0c094071f0d79a3b457c41f8584783006fcf716c9d13751c74414be3bce61,text,,,474,Central Bank of The Bahamas (Sand Dollar),Retain Sand Dollar project decisions and executed project research/findings. Exclude non-CBDC survey facts unless the text states a CBDC adoption implication.
CAL-024-U01,CAL-024,AU_RBA_003,27,probability,en,AU_RBA_project-acacia-consultation-paper-2024-11.pdf,e50b98eb12d8a4f78baf5f03eb38d5023cebdf45cb8714aac02836e6aa4c9852,CAL-024-P0027-B01,0,3263,4c004fcfae1c2a443a8ba32ae094fafe3b6c49c0bed09a9861b9cfbbb2fb72df,text,,,816,Reserve Bank of Australia and Digital Finance CRC (Project Acacia),"Retain official Project Acacia design choices, requirements, and executed results. Exclude general tokenisation context and unadopted respondent suggestions."
CAL-025-U01,CAL-025,IN_RBI_ConceptNote_2022,47,probability,en,IN_India_CONCEPTNOTEACB531172E0B4DFC9A6E506C2C24FFB6.PDF,9a5b4ae84b5c9b0043e83ff3656596de9f79926530c4c36d9261cdd78ff6d855,CAL-025-P0047-B01,0,322,62beebbade2b326aad8e615c23fba23d917c8755e268d1ef94c4168e11aef0c3,text,,,81,Reserve Bank of India (digital rupee),"Retain RBI proposals, decisions, requirements, and operating-model claims for the digital rupee."
CAL-026-U01,CAL-026,AW_ARU_001,97,probability,en,AW_Aruba_readBlob.do_5decead7.pdf,11da27aa6f63a0a9710fbbb1a8d7dabe08ff06dd8547647213aad41ab11bc06c,CAL-026-P0097-B01,0,3254,12eb0616182f02e77402aec93d0904b778f02b04a09912dd12c286f6dae7dae8,text,,,814,Aruba policy study / Central Bank of Aruba,This is a broad Aruba policy report. Retain only explicit Aruba CBDC recommendations or findings; exclude external literature and non-CBDC chapters.
CAL-027-U01,CAL-027,TR_Turkey_Digital_Turkish_Lira_First_Phase_Evaluation_Report,34,probability,en,TR_Turkey_Digital_Turkish_Lira_First_Phase_Evaluation_Report.pdf,af264a199ccebc93d419ddb9790b3763bba03d826728969a91517bb441b1b606,CAL-027-P0034-B01,0,3049,e81ea2b4cbe517f17e8d0159763e34352aa156bfc7ccce1bdfcdc126b7ea43c6,text,,,763,Central Bank of the Republic of Turkiye (Digital Turkish Lira),"Retain CBRT adopted features, explicit proposals/requirements, and executed Phase 1 results. Exclude lists of future work without a conclusion."
CAL-028-U01,CAL-028,CN_China_BIS_2022,197,probability,en,CN_China_PBoC_e-CNY_BIS_bispap123.pdf,0cd3acab691a744e31395df3c50377f7a93a3e4d9a13a0b365d109d68533d5f2,CAL-028-P0197-B01,0,3260,1bf818b005f072dddb377d22ab2931bd9df6186b4990f0f2ffc15cd6d64cc7e4,text,,,815,Central Bank of the Republic of Turkiye (Digital Turkish Lira),"BIS compendium Turkiye chapter. Retain CBRT own-project decisions, experiments, and positions. Do not treat this as PBOC material."
CAL-029-U01,CAL-029,CN_China_BIS_2022,117,probability,en,CN_China_PBoC_e-CNY_BIS_bispap123.pdf,0cd3acab691a744e31395df3c50377f7a93a3e4d9a13a0b365d109d68533d5f2,CAL-029-P0117-B01,0,3111,e5d47a3ca74304c74e2074cc20adf4857fd9b52daa9dd7ad85a3182047e74150,text,,,778,Bank of Korea (Korean CBDC experiment),BIS compendium Korea chapter. Retain BOK own-project experiments and positions; exclude cited literature. Do not treat this as PBOC material.
CAL-030-U01,CAL-030,NZ_RBNZ_cbdc-insights-dossier-for-public-1,48,probability,en,NZ_RBNZ_cbdc-insights-dossier-for-public-1.pdf,29fbcc8de10ffbbc3d10187b679a9698bb6115291b690a6798d6bc30e5df6a8f,CAL-030-P0048-B01,0,2102,03cd915b8a3b27ddb54883b42b5d81a67034f469ff671a45d4cdbfa3fbfca571,text,,,526,Reserve Bank of New Zealand (digital cash/CBDC),"Mixed workshop dossier: retain only text expressly labelled RBNZ initial preference or RBNZ workshopped preference. Exclude Accenture initial answers, questions, option tables, and unadopted participant material."
CAL-031-U01,CAL-031,BO_BCB_Boliviano_Digital_2025,57,probability,es,BO_Bolivia_BCB_Primer_Informe_Boliviano_Digital_2025.pdf,8dc9162f87d0d388d90f9ae3a5320258ea2cb1906472819fa393b13d1567d532,CAL-031-P0057-B01,0,2546,416745a8d17c576a707ba8d3775dd5f862082903180e0b5fc1f5afe8399de992,text,,,637,Banco Central de Bolivia (Boliviano Digital),"Retain BCB project decisions, proposals, requirements, and findings; exclude headings and generic background."
CAL-032-U01,CAL-032,US_NYFed_CedarPhaseOne_2022,4,probability,en,US_NYFed_project-cedar-phase-one-report.pdf,7354023ff78e43c7863d2283e0dca2ea66bb63470db8c732802504e4cc55a17c,CAL-032-P0004-B01,0,11481,9d09dc5fccdbe61ea74a25ad30d8a1597f43cc5abbf56bbcb9e788e08deace5c,text,,,2871,"Federal Reserve Bank of New York, New York Innovation Center (Project Cedar)",Retain Project Cedar own-test design and executed findings; exclude generic wholesale FX context.
CAL-033-U01,CAL-033,EU_ECB_2024,2,probability,en,EU_ECB_ecb.deprp202412.en.pdf,fcd2d2b193b17f700b16d4fdf95fc07b6980a5539eb5cae38c7bd236525e8c3c,CAL-033-P0002-B01,0,2029,7ae42044806a92ac19d22566b2225796d7d9271b88d18fd9d26b12dc04c98298,text,,,508,European Central Bank / Eurosystem (digital euro),"Retain Eurosystem digital-euro decisions, commitments, requirements, and reported findings; exclude process updates without a substantive claim."
CAL-034-U01,CAL-034,AW_ARU_001,153,probability,en,AW_Aruba_readBlob.do_5decead7.pdf,11da27aa6f63a0a9710fbbb1a8d7dabe08ff06dd8547647213aad41ab11bc06c,CAL-034-P0153-B01,0,3594,589fc0311e23b79e9f5c35a4af7ba483e487fe9fd732aef48d8587586c2d2f96,text,,,899,Aruba policy study / Central Bank of Aruba,This is a broad Aruba policy report. Retain only explicit Aruba CBDC recommendations or findings; exclude external literature and non-CBDC chapters.
CAL-035-U01,CAL-035,GH_Ghana_2021,25,probability,en,GH_Ghana_eCedi-Design-Paper.pdf,ebc0144c918be4c8da5065f8619370d0fcc9e395753c4bab05f9ea96fc120027,CAL-035-P0025-B01,0,3470,a702fa10fc8e0cb4aa0d885477a1dee73e21ceab2d9b52e498109a82edbced28,text,,,868,Bank of Ghana (eCedi),Retain Bank of Ghana eCedi design positions and requirements; exclude general CBDC literature.
CAL-036-U01,CAL-036,CN_China_BIS_2022,101,probability,en,CN_China_PBoC_e-CNY_BIS_bispap123.pdf,0cd3acab691a744e31395df3c50377f7a93a3e4d9a13a0b365d109d68533d5f2,CAL-036-P0101-B01,0,3975,51a54f97975d076a9893dd644a8456f5a4dbf96fe2372a0ffd4b9b7258cddad6,text,,,994,Bank Indonesia (Digital Rupiah),"BIS compendium Indonesia chapter. Retain Bank Indonesia plans, risks, and design positions. Do not treat this as PBOC material."
CAL-037-U01,CAL-037,CN_China_BIS_2022,33,probability,en,CN_China_PBoC_e-CNY_BIS_bispap123.pdf,0cd3acab691a744e31395df3c50377f7a93a3e4d9a13a0b365d109d68533d5f2,CAL-037-P0033-B01,0,3146,ff9204b5fc3a4e05222c99bc4ee3b155bd223c11b2d37e3b4c9e7cf1b6e08cc8,text,,,787,Banco Central de la Republica Argentina (Argentine CBDC analysis),BIS compendium Argentina chapter. General design lists and other countries are context; retain the explicit BCRA position about Argentine CBDC priority/study. Do not treat this as PBOC material.
CAL-038-U01,CAL-038,JP_BoJ_Pilot_EN,6,probability,en,JP_BoJ_dig240531a.pdf,623363420320a0260aa5961f912049af0dbac96f48e98b19e293c440cbfdeedc,CAL-038-P0006-B01,0,1820,d750116b8535a04e06621b4eec13ea26bddd4edc044fee8942cb37a3c8b5ea2f,text,,,455,Bank of Japan (CBDC pilot),Retain Bank of Japan own-pilot decisions and executed results; exclude workgroup purposes without results.
CAL-039-U01,CAL-039,IT_BdI_MISP_2021,62,probability,en,IT_Italy_N.10-MISP.pdf,1b4d5db3e664d70a41fc75fb00853bee38a86f38fa8a24c8f6571f404acc8363,CAL-039-P0062-B01,0,4915,53ccbc7fd29f11e2627208b14af624e2cc2924e730c4f4c8a2f90dcc3947d6a2,text,,,1229,Banca d'Italia research context,Do not treat literature review or generic CBDC taxonomy as an Italian project decision. Retain only an explicit Banca d'Italia own-project position or finding.
CAL-040-U01,CAL-040,NZ_RBNZ_cbdc-insights-dossier-for-public-1,80,probability,en,NZ_RBNZ_cbdc-insights-dossier-for-public-1.pdf,29fbcc8de10ffbbc3d10187b679a9698bb6115291b690a6798d6bc30e5df6a8f,CAL-040-P0080-B01,0,3190,60754a7cf34120ff447f32410a174eb74011f09661c6695594ef93bb404eba57,text,,,798,Reserve Bank of New Zealand (digital cash/CBDC),"Mixed workshop dossier: retain only text expressly labelled RBNZ initial preference or RBNZ workshopped preference. Exclude Accenture initial answers, questions, option tables, and unadopted participant material."
CAL-041-U01,CAL-041,ID_Indonesia_2022,22,probability,en,ID_Indonesia_White-Paper-CBDC-2022_en.pdf,5becea73d710e641d0bd65c3e006a4ffb7bdb7dd9f549a3e0903e98796ce63cc,CAL-041-P0022-B01,0,2840,8059b7da9d529ad0db8e7be3df3377b38f0adb2c17abdd7831be41b0ee7f48d5,text,,,710,Bank Indonesia (Digital Rupiah),"Retain Bank Indonesia Digital Rupiah decisions, roadmap commitments, features, and requirements."
CAL-042-U01,CAL-042,HK_HKMA_2022,35,probability,en,HK_HKMA_20220920e4a1.pdf,cd024099fa51b43016c033083fbc934d17f36691d8d8a89b2a43c517e506e551,CAL-042-P0035-B01,0,1365,858567f5339e7ded8e00eba264027ffced548f2ccd54b2ba866eb3fbdede61fa,text,,,342,Hong Kong Monetary Authority (e-HKD),Consultation format: retain only text in HKMA's response or an explicit HKMA commitment. Exclude respondent feedback and suggestions unless HKMA adopts them.
CAL-043-U01,CAL-043,UN_ESCAP_ESCAP-2022-RP-National-study-central-bank-digital-currency-stablecoin-Maldives,41,probability,en,UN_ESCAP_ESCAP-2022-RP-National-study-central-bank-digital-currency-stablecoin-Maldives.pdf,02fb11d7e2c38ed32078cfe998a3200ea4fa845cdbe9941627d50f170a2fdf6c,CAL-043-P0041-B01,0,2291,4149cf0607763c2892fda4800bb89b23fd47373c39a81ecd8db989b000697c3a,text,,,573,Maldives Monetary Authority / Maldives national CBDC study,Retain explicit Maldives CBDC project recommendations and authority positions. Exclude generic stakeholder lists and foreign examples.
CAL-044-U01,CAL-044,AM_ARM_001,26,probability,en,AM_Armenia_archived_CBDC_26.06.2023.pdf,8adcd3e354db115af4201dd32541df1110b1835e1384a5c758b805344484e300,CAL-044-P0026-B01,0,1251,6126a3826c8255edd1767144346cb92ed734dfe5c57e0c3e149296d657d666f5,text,,,313,Central Bank of Armenia / Armenian CBDC study,Retain only claims explicitly tied to Armenia's own CBDC project or authority position. Exclude model assumptions and literature without institutional adoption.
CAL-045-U01,CAL-045,HK_HKMA_eHKD_Phase2_2025,31,probability,,HK_HKMA_eHKD_Pilot_Programme_Phase2_Report_2025.pdf,768f42223ec583ea684ddc85dff09adceb589cb37bd9ebe4822b08faf13a3355,CAL-045-P0031-B01,0,0,e3b0c44298fc1c149afbf4c8996fb92427ae41e4649b934ca495991b7852b855,render,renders/CAL-045.png,023bfe101a293e9bccf14cbe41633d2111188e6fec3fb9279d3ce89ec65e686c,1,Hong Kong Monetary Authority (e-HKD Phase 2 pilots),"Retain complete e-HKD pilot findings, conclusions, and HKMA requirements. Quote the complete claim before any trailing fragment."
CAL-046-U01,CAL-046,UN_ESCAP_4e8e7145_2023,19,probability,en,UN_ESCAP_content_4e8e7145.pdf,83d90172cf786a8734d0581cc37dc8617e62f1275371c7af2f6aed261e616e62,CAL-046-P0019-B01,0,3078,5957f460431e91d9669ff392938de8d0646ac5e42f6e08d092196b6df06bb359,text,,,770,"Central Bank of Nigeria (eNaira), reported by UN ESCAP",Secondary official description of eNaira. Retain only concrete CBN decisions or system features explicitly reported; exclude UN ESCAP generalisations.
CAL-047-U01,CAL-047,RU_Russia_consultation_paper_201013,18,probability,en,RU_Russia_consultation_paper_201013_eng.pdf,be19956b6a27f9555044034f681a1aaeff982eca2e56ad6d143c8822ac85d796,CAL-047-P0018-B01,0,4009,e63e6dda6062767f797058f31cfdc2fe3f3959031ddfd7a152e7fabaaf79bdc9,text,,,1003,Bank of Russia (digital ruble),"Retain explicit Bank of Russia proposals, preferences, and requirements. Exclude open questions and future research without a position."
CAL-048-U01,CAL-048,NZ_RBNZ_cbdc-insights-dossier-for-public-1,27,probability,en,NZ_RBNZ_cbdc-insights-dossier-for-public-1.pdf,29fbcc8de10ffbbc3d10187b679a9698bb6115291b690a6798d6bc30e5df6a8f,CAL-048-P0027-B01,0,490,c35a94b30fb8691d8f79f45de772933ad70792cfa230f85534b6690ad80570eb,text,,,123,Reserve Bank of New Zealand (digital cash/CBDC),"Mixed workshop dossier: retain only text expressly labelled RBNZ initial preference or RBNZ workshopped preference. Exclude Accenture initial answers, questions, option tables, and unadopted participant material."
CAL-049-U01,CAL-049,NO_Norway_norges-bank-memo-1-2021,66,probability,en,NO_Norway_norges-bank-memo-1-2021.pdf,0c593ed2410297af011f166bba36a647ac8798a6ab8823184359d083d198e406,CAL-049-P0066-B01,0,3357,92c2c93563434100d56e2fc4b90d6ad2634926c367218c8eaa1288f0e45fad87,text,,,840,Norges Bank (Norwegian CBDC work),Retain Norges Bank CBDC positions and requirements; exclude generic or cited research.
CAL-050-U01,CAL-050,CN_China_BIS_2022,36,probability,en,CN_China_PBoC_e-CNY_BIS_bispap123.pdf,0cd3acab691a744e31395df3c50377f7a93a3e4d9a13a0b365d109d68533d5f2,CAL-050-P0036-B01,0,3578,3ad7f3f09cd10191d179fc63fb58cc948fda43bce6781640ad72712c0616a63a,text,,,895,Banco Central do Brasil (Drex / Brazilian CBDC work),BIS compendium Brazil chapter. Retain BCB own-project objectives and positions; exclude literature unless adopted. Do not treat this as PBOC material.
CAL-051-U01,CAL-051,CN_China_2021,8,probability,en,CN_China_PBoC_e-CNY_white_paper_2021.pdf,91de0b7462baaa65add222bda05d2551618e8edd09c8954354ce7ec3e5bb8c78,CAL-051-P0008-B01,0,4898,a26ec6e9186fd78b28b8fd8b7e971d8312c4acb27bd4fe5859fc3e7c63e2f1d0,text,,,1225,People's Bank of China (e-CNY),"Retain PBOC e-CNY decisions, features, and requirements; exclude background and cited research."
CAL-052-U01,CAL-052,MO_AMCM_eMOP_WP,20,probability,en,MO_Macao_e-MOP_en.pdf,70df96859d07ef1a3dd0b83ac6e600bd97dda9d30b1183dc7fe503cfef35c152,CAL-052-P0020-B01,0,1390,7879bf32f2acf5618154e628bd3fde12bf25807803b2a550246b4f9ef5bcf80d,text,,,348,Monetary Authority of Macao (e-MOP),"Retain AMCM e-MOP decisions, aims, features, and requirements. Exclude incomplete OCR fragments."
CAL-053-U01,CAL-053,CN_China_2021,1,probability,en,CN_China_PBoC_e-CNY_white_paper_2021.pdf,91de0b7462baaa65add222bda05d2551618e8edd09c8954354ce7ec3e5bb8c78,CAL-053-P0001-B01,0,799,a6c486f2d854e297d8276b6e2fe7daaac9ae5f263678d1b1e2bb8b9b1b13931d,text_and_render,renders/CAL-053.png,1cb918ae3f3978e7f1d62f15f82b163ba7744e2dccfe7def8b33fcb32a517481,200,People's Bank of China (e-CNY),"Retain PBOC e-CNY decisions, features, and requirements; exclude background and cited research."
CAL-054-U01,CAL-054,TH_Thailand_rCBDC_Conclusion_Report,33,probability,en,TH_Thailand_rCBDC_Conclusion_Report.pdf,7b9bd649aedbdbada1cc9bc4d89d676903b4b8a4567e41d5520eca6d95ddafda,CAL-054-P0033-B01,0,1529,302fc362f1bef5a279c2a4c4d134b6f861f300367ef8b05d2854d42b722689f4,text,,,383,Bank of Thailand (retail CBDC pilot),"Retain Bank of Thailand own-pilot conclusions, requirements, and decisions."
CAL-055-U01,CAL-055,UN_ESCAP_4e8e7145_2023,5,probability,en,UN_ESCAP_content_4e8e7145.pdf,83d90172cf786a8734d0581cc37dc8617e62f1275371c7af2f6aed261e616e62,CAL-055-P0005-B01,0,1995,eb27d7f02c48452a38be7e62ab1215690958078145d1e28c27db6f1c8a75d507,text,,,499,No focal issuer: glossary page,Glossary page. Return no statements unless the render/source unexpectedly contains a complete focal-project claim beyond definitions.
CAL-056-U01,CAL-056,HK_HKMA_2022,18,probability,en,HK_HKMA_20220920e4a1.pdf,cd024099fa51b43016c033083fbc934d17f36691d8d8a89b2a43c517e506e551,CAL-056-P0018-B01,0,1572,8d48c29a73916aa0837d351646c850e89fc1178e1699c092d09378908b19785b,text,,,393,Hong Kong Monetary Authority (e-HKD),Consultation format: retain only text in HKMA's response or an explicit HKMA commitment. Exclude respondent feedback and suggestions unless HKMA adopts them.
CAL-057-U01,CAL-057,AU_RBA_003,37,probability,en,AU_RBA_project-acacia-consultation-paper-2024-11.pdf,e50b98eb12d8a4f78baf5f03eb38d5023cebdf45cb8714aac02836e6aa4c9852,CAL-057-P0037-B01,0,676,b95800f93c8db54f2b67b67f133d81485faa94b7a78bc9556e1fbaa91578bb08,text,,,169,Reserve Bank of Australia and Digital Finance CRC (Project Acacia),"Retain official Project Acacia design choices, requirements, and executed results. Exclude general tokenisation context and unadopted respondent suggestions."
CAL-058-U01,CAL-058,NO_Norway_norges-bank-memo-1-2021,47,probability,no,NO_Norway_norges-bank-memo-1-2021.pdf,0c593ed2410297af011f166bba36a647ac8798a6ab8823184359d083d198e406,CAL-058-P0047-B01,0,3526,f4dadfcdd2bfc3a243273bac186ed385d9ec42f195bdabb8529bf682f8f80298,text,,,882,Norges Bank (Norwegian CBDC work),Norwegian-language page; metadata is prospectively corrected to language=no. Retain Norges Bank CBDC positions and requirements; exclude generic/cited research.
CAL-059-U01,CAL-059,AW_ARU_001,134,probability,en,AW_Aruba_readBlob.do_5decead7.pdf,11da27aa6f63a0a9710fbbb1a8d7dabe08ff06dd8547647213aad41ab11bc06c,CAL-059-P0134-B01,0,1578,3cbf41a5f5a2c4a9aa63e91f0731501b622d929c80a9c206e3ef94caa9ea8806,text,,,395,Aruba policy study / Central Bank of Aruba,This is a broad Aruba policy report. Retain only explicit Aruba CBDC recommendations or findings; exclude external literature and non-CBDC chapters.
CAL-060-U01,CAL-060,AW_ARU_001,43,probability,en,AW_Aruba_readBlob.do_5decead7.pdf,11da27aa6f63a0a9710fbbb1a8d7dabe08ff06dd8547647213aad41ab11bc06c,CAL-060-P0043-B01,0,2705,0dabcc22bc8fa9ccc65c158b8d8d91811418001bf957ed724a23e30c9f762107,text,,,677,Aruba policy study / Central Bank of Aruba,This is a broad Aruba policy report. Retain only explicit Aruba CBDC recommendations or findings; exclude external literature and non-CBDC chapters.
CAL-061-U01,CAL-061,FR_BdF_2022,10,stress_nonEN,fr,FR_BanqueDeFrance_Tunisia_CBDC_Trial_2021.pdf,564d28ed03102a8d7b7abca7ad9b6fd708612aa60c52131f144578a4a6ec1837,CAL-061-P0010-B01,0,4074,f4bce111c622e5ca537607d646d0dcd2bd5e780ca8948c4dc20e4e1ac4a8673a,text,,,1019,Banque de France (wholesale CBDC programme),Retain Banque de France own-programme decisions and executed findings. Exclude foreign experiments and general market regulation without a CBDC-specific conclusion.
CAL-062-U01,CAL-062,UY_Uruguay_BCU_BilleteDigital_2017,6,stress_nonEN,es,UY_Uruguay_BCU_Billete_Digital_2017.pdf,6c915e5e6302990674822a24ccdb0d36ef13b4030c7218236dd687680acc41f5,CAL-062-P0006-B01,0,380,1c5aa00328f8c2e9ede09cf13254d3c485a1a0c0786e27931e8ad41f7c9daebb,text,,,95,Banco Central del Uruguay (e-Peso pilot),"Retain BCU e-Peso decisions, features, and executed findings; use original Spanish quote."
CAL-063-U01,CAL-063,RU_Russia_digital_ruble_30062025,13,stress_nonEN,ru/uk,RU_Russia_digital_ruble_30062025.pdf,e227c49de6caab68eb7ef5c8fd4b2c173a5bb07a8ae7d53e3e20f01dc05faf0c,CAL-063-P0013-B01,0,2977,f2a57f9090e5ccc42a3e0a9475b05177f118092f30a7b4460afb2a2e8fb8a999,text,,,745,Bank of Russia (digital ruble),"Retain implemented digital-ruble features, requirements, and reported results."
CAL-064-U01,CAL-064,CO_Colombia_2022,11,stress_nonEN,es,CO_Colombia_btaboada-congreso-derecho-financiero-asobancaria-sept-2022.pdf,e49350e51d0a2f4f5b3b43327168f72245defce7fc6d509490ba6f86592c4bf9,CAL-064-P0011-B01,0,1200,eb6e2f19d8beb9aaacb1784145f5d69fa27d758d9feaf71701538bf69d1fa042,text,,,300,Banco de la Republica (Colombian CBDC work),"Retain only an explicit Banco de la Republica CBDC position, proposal, or project result; exclude general presentation context."
CAL-065-U01,CAL-065,JP_BoJ_Pilot_JP,10,stress_nonEN,ja,JP_BoJ_archived_dig240422a.pdf,6d26970f52e785414c0d3c3ccddf3901d8ae1f8b73a5f86f702c5f9fe41bedb9,CAL-065-P0010-B01,0,810,d847aac7cc05e69bd05aa491216b6427de8d53107eb183cd5428b922153a5895,text,,,405,Bank of Japan (CBDC pilot),Japanese source. Retain Bank of Japan own-pilot decisions and executed results; exclude workgroup purposes without results.
CAL-066-U01,CAL-066,BO_BCB_Boliviano_Digital_2025,40,stress_nonEN,es,BO_Bolivia_BCB_Primer_Informe_Boliviano_Digital_2025.pdf,8dc9162f87d0d388d90f9ae3a5320258ea2cb1906472819fa393b13d1567d532,CAL-066-P0040-B01,0,2280,3bf9a0902f871dda2df8b4882cbabd0fad7d4f1e1c2d91301fe421a1873039ac,text,,,570,Banco Central de Bolivia (Boliviano Digital),"Retain BCB project decisions, proposals, requirements, and findings; exclude headings and generic background."
CAL-067-U01,CAL-067,UA_NBU_E-hryvnia_2019,39,stress_nonEN,ru/uk,UA_NBU_Analytical_Report_E-hryvnia.pdf,444dbd0e58a78eddf04c1d598295922bf46a9e358164d2ab9612567ff48f1d5a,CAL-067-P0039-B01,0,1261,57d7322c5d0df7f0fc1f1f70fb886e36ea31ab45a1d368be0a6a9b842bad9197,text,,,316,National Bank of Ukraine (e-hryvnia pilot),Retain NBU own-pilot findings and resulting decisions/requirements. Prefer a specific substantive code over PROC.pilot_learning.
CAL-068-U01,CAL-068,CO_Colombia_2022,5,stress_nonEN,es,CO_Colombia_btaboada-congreso-derecho-financiero-asobancaria-sept-2022.pdf,e49350e51d0a2f4f5b3b43327168f72245defce7fc6d509490ba6f86592c4bf9,CAL-068-P0005-B01,0,439,a60409673008eed965582b860eaf74071c04b77c3e3471db2edf7f8b104536ad,text,,,110,Banco de la Republica (Colombian CBDC work),"Retain only an explicit Banco de la Republica CBDC position, proposal, or project result; exclude general presentation context."
CAL-069-U01,CAL-069,MO_AMCM_eMOP_WP,4,stress_ocr_zerotext,,MO_Macao_e-MOP_en.pdf,70df96859d07ef1a3dd0b83ac6e600bd97dda9d30b1183dc7fe503cfef35c152,CAL-069-P0004-B01,0,0,e3b0c44298fc1c149afbf4c8996fb92427ae41e4649b934ca495991b7852b855,render,renders/CAL-069.png,7a0f2a24d31bc5d30938c9d83bcb0be50782a3342a9336740824c79c2424d3c9,1,Monetary Authority of Macao (e-MOP),"Retain AMCM e-MOP decisions, aims, features, and requirements. Exclude incomplete OCR fragments."
CAL-070-U01,CAL-070,BO_BCB_Boliviano_Digital_2025,10,stress_ocr_zerotext,,BO_Bolivia_BCB_Primer_Informe_Boliviano_Digital_2025.pdf,8dc9162f87d0d388d90f9ae3a5320258ea2cb1906472819fa393b13d1567d532,CAL-070-P0010-B01,0,0,e3b0c44298fc1c149afbf4c8996fb92427ae41e4649b934ca495991b7852b855,render,renders/CAL-070.png,39d2f9e83f3f7f874446988dc291037991e39263013a184e3944909569a33dc4,1,Banco Central de Bolivia (Boliviano Digital),"Retain BCB project decisions, proposals, requirements, and findings; exclude headings and generic background."
CAL-071-U01,CAL-071,MO_AMCM_eMOP_WP,8,stress_ocr_zerotext,,MO_Macao_e-MOP_en.pdf,70df96859d07ef1a3dd0b83ac6e600bd97dda9d30b1183dc7fe503cfef35c152,CAL-071-P0008-B01,0,0,e3b0c44298fc1c149afbf4c8996fb92427ae41e4649b934ca495991b7852b855,render,renders/CAL-071.png,7a0f2a24d31bc5d30938c9d83bcb0be50782a3342a9336740824c79c2424d3c9,1,Monetary Authority of Macao (e-MOP),"Retain AMCM e-MOP decisions, aims, features, and requirements. Exclude incomplete OCR fragments."
CAL-072-U01,CAL-072,MO_AMCM_eMOP_WP,19,stress_ocr_lowtext,en,MO_Macao_e-MOP_en.pdf,70df96859d07ef1a3dd0b83ac6e600bd97dda9d30b1183dc7fe503cfef35c152,CAL-072-P0019-B01,0,45,f0839863c1948e5b231caac9c22baa33c4f412f82003cce28360ca19970736c5,text_and_render,renders/CAL-072.png,7b396af79ede9c5b7871f3c527771b2b95def5a24eaaa62635e35af3bc174a2e,12,Monetary Authority of Macao (e-MOP),"Retain AMCM e-MOP decisions, aims, features, and requirements. Exclude incomplete OCR fragments."
CAL-073-U01,CAL-073,SZ_Eswatini_2024-Fintech-Digital-Lilangeni-Design-Paper,1,stress_ocr_lowtext,en,SZ_Eswatini_2024-Fintech-Digital-Lilangeni-Design-Paper.pdf,88516e2e75059dd970702c0128cd3b281631914b9c3ab6e3c069d8128b1961de,CAL-073-P0001-B01,0,104,35678e725c7b60691e7eab9f702976f9a18750cd733675bf2aa810951812699e,text_and_render,renders/CAL-073.png,6f52f810b6191416475fae8955dc9a65cb21a05468e0da944f2addb08c56c9d1,26,Central Bank of Eswatini (Digital Lilangeni),"Retain Central Bank of Eswatini design decisions, proposals, features, and requirements; use the supplied render when text is sparse."
CAL-074-U01,CAL-074,TR_Turkey_Digital_Turkish_Lira_First_Phase_Evaluation_Report,6,stress_ocr_lowtext,en,TR_Turkey_Digital_Turkish_Lira_First_Phase_Evaluation_Report.pdf,af264a199ccebc93d419ddb9790b3763bba03d826728969a91517bb441b1b606,CAL-074-P0006-B01,0,17,a548e4be4c486acc5a514e4268b8727e39d891dab8eb782eb9e929b982fe0962,text_and_render,renders/CAL-074.png,3519acf9391be837e0b5110e963398ebe943610b618251672d75e5f49caa6e14,5,Central Bank of the Republic of Turkiye (Digital Turkish Lira),"Retain CBRT adopted features, explicit proposals/requirements, and executed Phase 1 results. Exclude lists of future work without a conclusion."
CAL-075-U01,CAL-075,RU_Russia_consultation_paper_201013,3,stress_long,en,RU_Russia_consultation_paper_201013_eng.pdf,be19956b6a27f9555044034f681a1aaeff982eca2e56ad6d143c8822ac85d796,CAL-075-P0003-B01,0,4571,391a9588cce08b4a3d51b56169165c4c9540c20fc414ae9f1512964ed5c79c77,text,,,1143,Bank of Russia (digital ruble),"Retain explicit Bank of Russia proposals, preferences, and requirements. Exclude open questions and future research without a position."
CAL-076-U01,CAL-076,SG_MAS_mas-project-orchid-report,35,stress_long,en,SG_MAS_mas-project-orchid-report.pdf,b57dd489b0743c981bda0910c6fa8620c49cbee51b3cb5c2db4bad3a8ae59f51,CAL-076-P0035-B01,0,4694,bbcd1ad265cdec52eb4590cd60d20c281a8eddcd4903b655c4afc0c598b3a9b4,text,,,1174,Monetary Authority of Singapore (Project Orchid / purpose-bound money),"Retain complete Project Orchid decisions, requirements, and executed findings. Exclude future research and incomplete fragments."
CAL-077-U01,CAL-077,FR_BdF_2022,11,stress_long,fr,FR_BanqueDeFrance_Tunisia_CBDC_Trial_2021.pdf,564d28ed03102a8d7b7abca7ad9b6fd708612aa60c52131f144578a4a6ec1837,CAL-077-P0011-B01,0,5337,b436eda6bb5490dd599cd4c68efc996ea2586807bdcadf8c69b8e714cd782f57,text,,,1335,Banque de France (wholesale CBDC programme),Retain Banque de France own-programme decisions and executed findings. Exclude foreign experiments and general market regulation without a CBDC-specific conclusion.
CAL-078-U01,CAL-078,UA_NBU_E-hryvnia_2019,31,stress_long,en,UA_NBU_Analytical_Report_E-hryvnia.pdf,444dbd0e58a78eddf04c1d598295922bf46a9e358164d2ab9612567ff48f1d5a,CAL-078-P0031-B01,0,5858,8af0381f7a2b860aa877603d784186832eb681dfd9f6f4f908c6acac4a45bb88,text,,,1465,National Bank of Ukraine (e-hryvnia pilot),Retain NBU own-pilot findings and resulting decisions/requirements. Prefer a specific substantive code over PROC.pilot_learning.
